name,price,stock,review_rating,upc,review_num
It's Only the Himalayas,гд385.34,19,2,a22124811bfa8350,0
Scott Pilgrim's Precious Little Life (Scott Pilgrim #1),гд446.08,19,5,3b1c02bac2a429e6,0
A Light in the Attic,гд441.64,22,3,a897fe39b1053632,0
"Our Band Could Be Your Life: Scenes from the American Indie Underground, 1981-1991",гд488.39,19,3,deda3e61b9514b83,0
Shakespeare's Sonnets,гд176.25,19,4,30a7f60cd76ca58c,0
Rip it Up and Start Again,гд298.75,19,5,a34ba96d4081e6a4,0
The Black Maria,гд444.89,19,1,1dfe412b8ac00530,0
"Starving Hearts (Triangular Trade Trilogy, #1)",гд119.35,19,2,0312262ecafa5a40,0
The Dirty Little Secrets of Getting Your Dream Job,гд284.42,19,4,2597b5a345f45e1b,0
"The Coming Woman: A Novel Based on the Life of the Infamous Feminist, Victoria Woodhull",гд152.96,19,3,e72a5dfc7e9267b2,0
The Boys in the Boat: Nine Americans and Their Epic Quest for Gold at the 1936 Berlin Olympics,гд192.80,19,4,e10e1e165dc8be4a,0
You can't bury them all: Poems,гд286.89,17,2,55f9da0c5eea2e10,0
Libertarianism for Beginners,гд437.89,19,2,a18a4f574854aced,0
Set Me Free,гд148.95,19,5,ce6396b0f23f6ecc,0
Behind Closed Doors,гд445.48,18,4,be5cc846f45496fb,0
"In a Dark, Dark Wood",гд167.46,18,1,19ed25f4641d5efd,0
Olio,гд203.72,19,1,feb7cc7701ecf901,0
Penny Maybe,гд283.99,18,3,668fe56b17cfcd4f,0
Sophie's World,гд135.98,18,5,6be3beb0793a53e7,0
The Five Love Languages: How to Express Heartfelt Commitment to Your Mate,гд264.88,18,3,3c039985229453bf,0
Mesaerion: The Best Science Fiction Stories 1800-1849,гд320.68,19,1,e30f54cea9b38190,0
The Elephant Tree,гд203.21,18,5,5dada2b7be26bd03,0
The Bear and the Piano,гд314.70,18,1,9f6568e9c95f60b0,0
Worlds Elsewhere: Journeys Around Shakespeareбпs Globe,гд343.80,18,5,4c28def39d850cdf,0
The Requiem Red,гд193.22,19,1,f77dbf2323deb740,0
America's Cradle of Quarterbacks: Western Pennsylvania's Football Factory from Johnny Unitas to Joe Montana,гд191.95,19,3,c7d160c2c0de586f,0
Birdsong: A Story in Pictures,гд466.13,19,3,9528d0948525bf5f,0
Sapiens: A Brief History of Humankind,гд462.63,20,5,4165285e1663650f,0
Aladdin and His Wonderful Lamp,гд453.25,19,3,904208d6aa64b655,0
Chase Me (Paris Nights #2),гд215.58,19,5,c2e46a2ee3b4a322,0
"Foolproof Preserving: A Guide to Small Batch Jams, Jellies, Pickles, Condiments, and More: A Foolproof Guide to Making Small Batch Jams, Jellies, Pickles, Condiments, and More",гд260.36,19,3,5674a18a29a43ced,0
Maude (1883-1993):She Grew Up with the country,гд153.73,18,2,094b269567e1c300,0
The Four Agreements: A Practical Guide to Personal Freedom,гд150.66,18,5,6258a1f6a6dcfe50,0
How Music Works,гд318.37,19,2,327f68a59745c102,0
Black Dust,гд294.57,19,5,00bfed9e18bb36f3,0
Wall and Piece,гд376.90,18,4,ccd9ffa25efabdea,0
Sharp Objects,гд407.95,20,4,e00eb4fd7b871a48,0
Tipping the Velvet,гд458.45,20,1,90fa61229261140a,0
Soumission,гд427.40,20,1,6957f44c3847a760,0
The Past Never Ends,гд482.00,16,4,5ee94540d0749ea0,0
Slow States of Collapse: Poems,гд488.91,17,3,b4fd5943413e089a,0
Thirst,гд147.33,16,5,709822d0b5bcb7f4,0
The Secret of Dreadwillow Carse,гд478.84,16,1,b5ea0b5dabed25a8,0
This One Summer,гд166.27,16,4,51653ef291ab7ddc,0
"The Pioneer Woman Cooks: Dinnertime: Comfort Classics, Freezer Food, 16-Minute Meals, and Other Delicious Ways to Solve Supper!",гд481.23,16,1,142d767a56a9254d,0
Unicorn Tracks,гд160.21,16,3,7ae099f3898e0209,0
"Unbound: How Eight Technologies Made Us Human, Transformed Society, and Brought Our World to the Brink",гд217.71,16,1,9a9d6e9bc555731e,0
Untitled Collection: Sabbath Poems 2014,гд121.74,16,4,657fe5ead67a7767,0
"Unseen City: The Majesty of Pigeons, the Discreet Charm of Snails & Other Wonders of the Urban Wilderness",гд376.90,16,4,d170b5a0da46380e,0
"We Love You, Charlie Freeman",гд428.85,16,5,8d455c7539795d2a,0
When We Collided,гд271.03,16,1,3ecb690d1542c568,0
Without Borders (Wanderlove #1),гд384.49,16,2,acddfeab2a407640,0
Tsubasa: WoRLD CHRoNiCLE 2 (Tsubasa WoRLD CHRoNiCLE #2),гд138.88,16,1,09555be379ad9253,0
The Torch Is Passed: A Harding Family Story,гд162.85,16,1,4eed62cf5f8d8edf,0
Reasons to Stay Alive,гд225.30,17,2,c8f7f0cb1abb9cac,0
"Rat Queens, Vol. 3: Demons (Rat Queens (Collected Editions) #11-15)",гд429.96,16,3,c82a3e358c773c73,0
Private Paris (Private #10),гд406.16,17,5,b12b89017878a60d,0
#HigherSelfie: Wake Up Your Life. Free Your Soul. Find Your Tribe.,гд197.15,17,5,c27f6e1f185b0383,0
The Natural History of Us (The Fine Art of Pretending #2),гд385.77,16,3,cedf82b5086e4691,0
Soul Reader,гд337.65,16,2,e6af5bf1163c1151,0
The Nameless City (The Nameless City #1),гд325.54,16,4,7d385d34d12e60ff,0
"Saga, Volume 6 (Saga (Collected Editions) #6)",гд213.44,16,3,c849f0b2f5d6a742,0
"Saga, Volume 5 (Saga (Collected Editions) #5)",гд435.42,16,2,53a3d11bb568cc8b,0
The Age of Genius: The Seventeenth Century and the Birth of the Modern Mind,гд168.31,16,1,a3d2a4250807f1e9,0
Security,гд334.84,16,2,6f78a0d744c35456,0
"The Bulletproof Diet: Lose up to a Pound a Day, Reclaim Energy and Focus, Upgrade Your Life",гд418.44,16,3,43c6a960757cf559,0
The Death of Humanity: and the Case for Life,гд495.73,16,4,bd261725b99f5983,0
The Activist's Tao Te Ching: Ancient Advice for a Modern Revolution,гд275.04,16,5,7d6d2a6c0276f81b,0
Join,гд304.30,16,5,18ad3ed896c7ce05,0
Spark Joy: An Illustrated Master Class on the Art of Organizing and Tidying Up,гд356.85,16,4,87b0615b6e1f4d7b,0
Reskilling America: Learning to Labor in the Twenty-First Century,гд169.17,16,2,d7310206583a54b6,0
The Art Forger,гд347.72,16,3,80cfab6bcff3a244,0
"Layered: Baking, Building, and Styling Spectacular Cakes",гд342.17,16,1,7b75cc7f223791f4,0
Lumberjanes Vol. 3: A Terrible Plan (Lumberjanes #9-12),гд169.94,16,2,57e5a4d515c8ce44,0
"Lumberjanes, Vol. 2: Friendship to the Max (Lumberjanes #5-8)",гд400.18,16,2,460089f796fb3f82,0
Masks and Shadows,гд481.14,16,2,fa9610a50a1bf149,0
Obsidian (Lux #1),гд126.77,16,2,3c346ab1e76ae1f6,0
In the Country We Love: My Family Divided,гд187.68,16,4,b136b1b180ca753a,0
"Lumberjanes, Vol. 1: Beware the Kitten Holy (Lumberjanes #1-4)",гд389.09,16,3,b6ee99bcf06fc91f,0
"Outcast, Vol. 1: A Darkness Surrounds Him (Outcast #1)",гд131.72,16,4,889139b8e9c4cb36,0
On a Midnight Clear,гд120.03,16,3,b757c0c361e689ce,0
orange: The Complete Collection 1 (orange: The Complete Collection #1),гд412.98,16,1,11809b1d323b3057,0
My Paris Kitchen: Recipes and Stories,гд284.68,16,2,784bc2279baa878d,0
"Political Suicide: Missteps, Peccadilloes, Bad Calls, Backroom Hijinx, Sordid Pasts, Rotten Breaks, and Just Plain Dumb Mistakes in the Annals of American Politics",гд309.50,16,2,7392c0032f92d816,0
Online Marketing for Busy Authors: A Step-By-Step Guide,гд395.41,16,1,9ffa38d3b832433a,0
Patience,гд86.67,16,3,9429b4d59c537af5,0
"Avatar: The Last Airbender: Smoke and Shadow, Part 3 (Smoke and Shadow #3)",гд239.63,16,2,6d5300b2d8f37e07,0
"Bitch Planet, Vol. 1: Extraordinary Machine (Bitch Planet (Collected Editions))",гд323.49,16,2,bdf415fd484ea8a7,0
"Princess Jellyfish 2-in-1 Omnibus, Vol. 01 (Princess Jellyfish 2-in-1 Omnibus #1)",гд116.11,16,5,0fa6dceead7ce47a,0
"Pop Gun War, Volume 1: Gift",гд161.83,16,1,e80f8e518b300dfe,0
Call the Nurse: True Stories of a Country Nurse on a Scottish Isle,гд248.59,16,5,bee3672891cca906,0
Princess Between Worlds (Wide-Awake Princess #5),гд113.80,16,5,0e691eda369f4e09,0
Crown of Midnight (Throne of Glass #2),гд369.30,16,3,7267864328ae8b9d,0
"Codename Baboushka, Volume 1: The Conclave of Death",гд313.25,16,4,8754c83ab2a7ae71,0
Danganronpa Volume 1,гд443.52,16,4,09b6cc87e62c2c58,0
Burning,гд245.78,16,3,5ceb951f629700a2,0
"Don't Be a Jerk: And Other Practical Advice from Dogen, Japan's Greatest Zen Master",гд323.92,16,2,fce19f9b4a943f22,0
Bossypants,гд421.94,16,2,74baabfc8fd84b38,0
Camp Midnight,гд145.71,16,4,7b599c8bfcdd8d30,0
The Vacationers,гд359.58,15,4,fd3a622648667296,0
The Stranger,гд148.78,15,4,f5a92cff83897d48,0
Judo: Seven Steps to Black Belt (an Introductory Guide for Beginners),гд459.82,16,2,228f74b74f3a08ae,0
The White Cat and the Monk: A Retelling of the Poem б░Pangur Bивnб▒,гд495.47,15,4,37c0cb19713d8dda,0
The Third Wave: An Entrepreneurбпs Vision of the Future,гд107.57,15,5,3bebf34ee9330cbd,0
Tracing Numbers on a Train,гд354.89,15,3,d7d6d50c1e3d0b81,0
The Wedding Dress,гд205.77,15,1,623e1a180426039b,0
Thirteen Reasons Why,гд449.75,15,1,bc2a85fd35fdc7bd,0
"William Shakespeare's Star Wars: Verily, A New Hope (William Shakespeare's Star Wars #4)",гд369.39,15,4,9270575728a13a61,0
(Un)Qualified: How God Uses Broken People to Do Big Things,гд460.67,16,5,e4ac92d89b946781,0
You Are What You Love: The Spiritual Power of Habit,гд186.57,15,4,796c87ddbbaaf8c5,0
The Cookies & Cups Cookbook: 125+ sweet & savory recipes reminding you to Always Eat Dessert First,гд351.90,15,1,96a38e7c813d8f1d,0
The Girl on the Train,гд469.37,15,2,e956d67c9bcc5809,0
Thomas Jefferson and the Tripoli Pirates: The Forgotten War That Changed American History,гд508.78,15,1,de3f25248ba0789f,0
The Emerald Mystery,гд197.49,15,2,d6670dfe3e7b42bd,0
The Kite Runner,гд356.76,15,4,eac1a180047ad54e,0
The House by the Lake,гд315.22,15,1,9287e238d7c3b06e,0
The Love and Lemons Cookbook: An Apple-to-Zucchini Celebration of Impromptu Cooking,гд320.76,15,2,e28e330cbdf01126,0
The Genius of Birds,гд147.07,15,1,42d0d7c92b75fc1c,0
The Glittering Court (The Glittering Court #1),гд377.75,15,1,2dbb7ec08cdd7f3c,0
The Long Shadow of Small Ghosts: Murder and Memory in an American City,гд93.58,15,1,abeafe151a587d3b,0
The Murder of Roger Ackroyd (Hercule Poirot #4),гд376.21,15,4,c7b5183f4d1d4efe,0
The Matchmaker's Playbook (Wingmen Inc. #1),гд476.45,15,1,08db62f24627e71f,0
Mrs. Houdini,гд258.06,15,5,a40723994f715420,0
Poems That Make Grown Women Cry,гд121.05,15,4,31001a1210623bd4,0
"Nightingale, Sing",гд326.56,15,1,50b8f80311b31ede,0
Poses for Artists Volume 1 - Dynamic and Sitting Poses: An Essential Reference for Figure Drawing and the Human Form,гд350.28,15,1,d9c643fa1fc57bdb,0
Redeeming Love,гд174.63,15,5,b53db2271c9624f7,0
Romero and Juliet: A Tragic Tale of Love and Zombies,гд315.13,15,1,e656e280bc8edd56,0
Night Sky with Exit Wounds,гд350.19,15,1,cfeb1e1e0e695b58,0
Secrets and Lace (Fatal Hearts #1),гд172.92,15,1,ad04ad9fc179fc5d,0
"Shobu Samurai, Project Aryoku (#3)",гд247.91,15,3,0c27e6c3744fc14b,0
Shoe Dog: A Memoir by the Creator of NIKE,гд204.66,15,2,0e0dcc3339602b28,0
"Deliciously Ella Every Day: Quick and Easy Recipes for Gluten-Free Snacks, Packed Lunches, and Simple Meals",гд359.66,15,3,46c1530d7546ea6d,0
Doing It Over (Most Likely To #1),гд303.79,15,3,3a11bb962ff45b78,0
Drive: The Surprising Truth About What Motivates Us,гд298.15,15,4,6ffb36aaeff1c81e,0
Done Rubbed Out (Reightman & Bailey #1),гд321.79,15,5,f6d967cdadc6fbd9,0
Eureka Trivia 6.0,гд465.70,15,4,29c0025455f8c585,0
Finders Keepers (Bill Hodges Trilogy #2),гд456.66,15,5,edb3097e71330040,0
First Steps for New Christians (Print Edition),гд247.40,15,1,2f88b08bf0a0e367,0
Follow You Home,гд182.22,15,1,8585760646e3aa2a,0
Why the Right Went Wrong: Conservatism--From Goldwater to the Tea Party and Beyond,гд449.15,14,4,2b5054a4192e9b06,0
Wild Swans,гд122.50,14,2,3fb15ace50d6142b,0
"Wonder Woman: Earth One, Volume One (Wonder Woman: Earth One #1)",гд318.54,14,4,047097293bb4d1c0,0
You (You #1),гд372.03,14,5,024387ca4cafd5cc,0
Zealot: The Life and Times of Jesus of Nazareth,гд210.71,14,3,dd5bfa6cc2c0ecc3,0
"Fables, Vol. 1: Legends in Exile (Fables #1)",гд355.06,15,4,65d034adf80834b7,0
Amatus,гд431.15,15,5,ffd54178acc9a6a5,0
Amid the Chaos,гд312.06,15,1,bb8245f52c7cce8f,0
Amy Meets the Saints and Sages,гд157.48,15,3,7ebfa6c1bee69e1e,0
The Rosie Project (Don Tillman #1),гд461.01,14,1,012094e90a4b908d,0
The Song of Achilles,гд319.06,14,5,e88fb1c9397cfb27,0
The Songs of the Gods,гд379.45,14,5,00c4543ec6bd25b4,0
The Star-Touched Queen,гд392.59,14,5,1528279aec1f3dce,0
The Testament of Mary,гд449.32,14,4,081305e6df719dff,0
The Time Keeper,гд237.84,14,5,e9906e2f0d189745,0
The Wedding Pact (The O'Malleys #2),гд278.19,14,3,c5cb9f885d8b3621,0
The White Queen (The Cousins' War #1),гд221.04,14,5,6875c5657661b2fb,0
The Wright Brothers,гд484.56,14,4,08b2f71d93836313,0
Take Me with You,гд385.68,14,3,2c04320e110a14a3,0
Tastes Like Fear (DI Marnie Rome #3),гд91.20,14,1,2d1e337aaf341858,0
That Darkness (Gardiner and Renner #1),гд118.75,14,1,0c7b9cf2b7662b65,0
The 14th Colony (Cotton Malone #11),гд334.75,14,1,1b8187fa4bf6ab05,0
The Bad-Ass Librarians of Timbuktu: And Their Race to Save the Worldбпs Most Precious Manuscripts,гд134.53,14,1,923831a05c9f91f7,0
The Bane Chronicles (The Bane Chronicles #1-11),гд381.59,14,4,dc6f688b82e42a5b,0
The Darkest Lie,гд301.57,14,5,6edacfd1f8ebb9eb,0
The Dovekeepers,гд416.14,14,1,3d76bc83c6b644c9,0
The First Hostage (J.B. Collins #2),гд220.52,14,3,a86972014275e072,0
"Naruto (3-in-1 Edition), Vol. 14: Includes Vols. 40, 41 & 42 (Naruto: Omnibus #14)",гд327.50,14,2,71e36f33981ddb74,0
No Dream Is Too High: Life Lessons From a Man Who Walked on the Moon,гд187.25,14,2,132ec5e8c984adef,0
Old School (Diary of a Wimpy Kid #10),гд100.92,14,5,02b74068fa98d8a4,0
Once Was a Time,гд155.94,14,2,e34efcc824685332,0
"Overload: How to Unplug, Unwind, and Unleash Yourself from the Pressure of Stress",гд444.89,14,3,8ecf0356a3878811,0
Pet Sematary,гд90.09,14,3,af58a74e4b2a23a0,0
"Quarter Life Poetry: Poems for the Young, Broke and Hangry",гд434.14,14,5,aa35446aab16017f,0
"It's All Easy: Healthy, Delicious Weeknight Meals in under 30 Minutes",гд166.78,14,1,245e6bf08b8d2955,0
I Am Pilgrim (Pilgrim #1),гд90.43,14,4,aeff7b87a8e83ebb,0
"Hyperbole and a Half: Unfortunate Situations, Flawed Coping Mechanisms, Mayhem, and Other Things That Happened",гд125.83,14,5,fbb21a2f71f4d981,0
Lady Midnight (The Dark Artifices #1),гд138.88,14,5,708345c9897fd7c5,0
Looking for Lovely: Collecting the Moments that Matter,гд248.59,14,5,24af96df0bafb925,0
Let It Out: A Journey Through Journaling,гд228.54,14,5,1174156c4a0eccaa,0
"Living Leadership by Insight: A Good Leader Achieves, a Great Leader Builds Monuments",гд400.18,14,4,17fb5a88180f9904,0
"Red Hood/Arsenal, Vol. 1: Open for Business (Red Hood/Arsenal #1)",гд217.37,14,2,31e2e2d9cca3778f,0
Lowriders to the Center of the Earth (Lowriders in Space #2),гд439.43,14,2,a10c7515834240f3,0
"Hush, Hush (Hush, Hush #1)",гд401.12,14,3,6b6cd77fbc91b7a6,0
More Than Music (Chasing the Dream #1),гд320.85,14,2,47d47155e89c8be7,0
Luis Paints the World,гд460.24,14,3,5b43cae640f2338a,0
Luckiest Girl Alive,гд425.09,14,3,d512871626a5e588,0
My Kind of Crazy,гд344.31,14,1,137b0b2775701e11,0
My Mrs. Brown,гд208.84,14,3,cc82685d9f49bc2c,0
My Name Is Lucy Barton,гд354.54,14,1,727bf2b86b19ad88,0
Island of Dragons (Unwanteds #7),гд252.94,14,1,2b52334fab158861,0
Mr. Mercedes (Bill Hodges Trilogy #1),гд246.54,14,1,caa2e5b3fb1b2d4c,0
I Know What I'm Doing -- and Other Lies I Tell Myself: Dispatches from a Life Under Construction,гд221.63,14,4,b8a8ff84233f0570,0
Robin War,гд407.95,14,3,85b2176b3b194030,0
Made to Stick: Why Some Ideas Survive and Others Die,гд331.43,14,5,b96fc7a0ea7d4b45,0
See America: A Celebration of Our National Parks & Treasured Sites,гд416.91,14,3,f9705c362f070608,0
salt.,гд399.08,14,4,86cbddb61ea78bb7,0
Cometh the Hour (The Clifton Chronicles #6),гд213.36,14,3,28cf0d1c51b491e5,0
Crazy Love: Overwhelmed by a Relentless God,гд407.09,14,2,4b9d9cfe0f435788,0
Demigods & Magicians: Percy and Annabeth Meet the Kanes (Percy Jackson & Kane Chronicles Crossover #1-3),гд319.99,14,5,3c6fe637a0180b01,0
Love Is a Mix Tape (Music #1),гд153.81,14,1,adb5f51c2e2ab13f,0
Daily Fantasy Sports,гд312.06,14,1,0e94a089328be4bc,0
Don't Get Caught,гд472.19,14,1,ad2887ce04583910,0
El Deafo,гд491.55,14,5,27c5968fe43cc06e,0
Dear Mr. Knightley,гд95.63,14,5,94a958ea126cdcd5,0
"Eaternity: More than 150 Deliciously Easy Vegan Recipes for a Long, Healthy, Satisfied, Joyful Life",гд441.47,14,5,a01f6d368ef64dc5,0
Eight Hundred Grapes,гд122.76,14,4,1d6dd0c87d90fe92,0
Every Last Word,гд396.43,14,3,a2bd4ca82d908442,0
Feathers: Displays of Brilliant Plumage,гд418.44,14,3,9194ae88379dbf1a,0
Greek Mythic History,гд87.27,14,5,f201f263d8c23f97,0
Doctor Sleep (The Shining #2),гд342.26,14,2,bf5de316a5e9a4ab,0
Hamilton: The Revolution,гд501.53,14,3,afa829857f82f99e,0
Glory over Everything: Beyond The Kitchen House,гд391.06,14,3,de4b403cb629a29f,0
Angels & Demons (Robert Langdon #1),гд439.17,14,3,ad41c24ccac0c7ce,0
God: The Most Unpleasant Character in All Fiction,гд256.18,14,5,eec424a84c9e4c68,0
Angels Walking (Angels Walking #1),гд291.76,14,2,1fbb5f786e53a0ce,0
Aristotle and Dante Discover the Secrets of the Universe (Aristotle and Dante Discover the Secrets of the Universe #1),гд495.99,14,4,41164b8ac02a2c42,0
Art Ops Vol. 1,гд416.31,14,3,ffdc825785c0ede8,0
Eligible (The Austen Project #4),гд231.10,14,3,9eaf58b03a2779cc,0
Balloon Animals,гд145.28,14,3,9b65f676984c9f0c,0
Batman: Europa,гд273.07,14,2,bf68dcb5fad3cc8c,0
Barefoot Contessa Back to Basics,гд238.95,14,1,999912e63a3262ae,0
Brain on Fire: My Month of Madness,гд420.74,14,5,a80f66b254fe9eb3,0
Carrie,гд394.38,14,2,5f22418922fa728b,0
Catching Jordan (Hundred Oaks),гд433.63,14,3,e2e7b683b4c15b7d,0
"Carry On, Warrior: Thoughts on Life Unarmed",гд271.71,14,3,1b0fc9f777cad045,0
The Silent Sister (Riley MacPherson #1),гд394.90,12,5,ce1ae197ada2aec4,0
Cell,гд173.09,14,4,bfbb54bc8cdeed2b,0
Tipping Point for Planet Earth: How Close Are We to the Edge?,гд320.34,12,1,148715df5a02ea5e,0
"Far & Away: Places on the Brink of Change: Seven Continents, Twenty-Five Years",гд128.48,14,4,ac4dde0d1be05de0,0
My Kitchen Year: 136 Recipes That Saved My Life,гд98.36,13,2,8bbd7df8a324f31d,0
Will You Won't You Want Me?,гд118.24,12,3,077b635ff2afc578,0
13 Hours: The Inside Account of What Really Happened In Benghazi,гд230.85,13,1,4be9d1910f8a4e80,0
Barefoot Contessa at Home: Everyday Recipes You'll Make Over and Over Again,гд431.83,14,5,0e0da9192a025efc,0
Buying In: The Secret Dialogue Between What We Buy and Who We Are,гд322.47,14,4,16ef91b9d827859c,0
"The Three Searches, Meaning, and the Story",гд113.72,13,3,ac5e0d3938caf686,0
A Brush of Wings (Angels Walking #3),гд473.55,14,1,01a177623cce9596,0
Searching for Meaning in Gailana,гд330.40,13,1,2f0213137a80d485,0
A Distant Mirror: The Calamitous 14th Century,гд124.38,14,3,d5e0526e1ab682a3,0
How to Speak Golf: An Illustrated Guide to Links Lingo,гд497.52,12,5,b978c9852cde91bd,0
"Love, Lies and Spies",гд175.31,12,2,9546d537fbf99eb6,0
Most Wanted,гд300.97,12,3,c039f5aceb093537,0
1491: New Revelations of the Americas Before Columbus,гд185.97,14,3,6e8e5626ac4d279e,0
Poisonous (Max Revere Novels #3),гд228.63,12,3,abdd91e96515a617,0
No Love Allowed (Dodge Cove #1),гд466.21,12,4,db84624b151cbe06,0
One with You (Crossfire #5),гд134.02,12,4,81ef44fcc5f454df,0
Murder at the 42nd Street Library (Raymond Ambler #1),гд463.74,12,4,e7fe3bf2768602cf,0
Quench Your Own Thirst: Business Lessons Learned Over a Beer or Two,гд368.02,12,1,8976d9161c027142,0
Psycho: Sanitarium (Psycho #1.5),гд315.39,12,5,b8d7b3f5c7a95d65,0
The Children,гд101.35,12,3,64fd010bf8d15096,0
Snatched: How A Drug Queen Went Undercover for the DEA and Was Kidnapped By Colombian Guerillas,гд180.94,12,3,f40fea200e0c644f,0
The Epidemic (The Program 0.6),гд123.19,12,5,f732d7d18a91d2ba,0
The Diary of a Young Girl,гд511.00,12,3,54fc03f1e1d355db,0
Rook,гд322.98,13,4,44d97b6707dae3f0,0
Playing with Fire,гд116.96,11,3,05a61a3bd8ca4149,0
Stars Above (The Lunar Chronicles #4.5),гд409.91,12,2,b63ea3f7a57ae099,0
"Setting the World on Fire: The Brief, Astonishing Life of St. Catherine of Siena",гд180.43,11,2,b06599b108e83f98,0
The Dinner Party,гд482.34,12,2,c6ca293d4810e0d5,0
Sleeping Giants (Themis Files #1),гд415.80,11,1,f435aa99d864077d,0
Off the Hook (Fishing for Trouble #1),гд406.67,11,3,b783ce08802cd1d1,0
Take Me Home Tonight (Rock Star Romance #3),гд460.50,11,3,cf62fa272b5f0fa3,0
"The Sleep Revolution: Transforming Your Life, One Night at a Time",гд99.64,11,4,985991708c47003e,0
The Improbability of Love,гд507.16,11,1,437d8dea9272d0a9,0
A Paris Apartment,гд332.79,12,4,63343e287971bb0c,0
The Widow,гд232.55,11,2,6159d8b187831770,0
Troublemaker: Surviving Hollywood and Scientology,гд412.81,11,2,515cb8fcafb1ad98,0
"A la Mode: 120 Recipes in 60 Pairings: Pies, Tarts, Cakes, Crisps, and More Topped with Ice Cream, Gelato, Frozen Custard, and More",гд330.74,12,1,a4eef523118805ef,0
Dirty (Dive Bar #1),гд348.32,12,4,df7e628bad5782b4,0
The Art of Startup Fundraising,гд179.15,11,3,1c584f82a7a1c4f0,0
10-Day Green Smoothie Cleanse: Lose Up to 15 Pounds in 10 Days!,гд424.07,10,5,96aa539bfd4c07e2,0
Can You Keep a Secret? (Fear Street Relaunch #4),гд414.94,12,1,d069086944f2e330,0
11/22/63,гд413.58,11,3,a9d7b75461084a26,0
Boar Island (Anna Pigeon #19),гд507.42,12,3,49b24c6a41b82bd2,0
A Gentleman's Position (Society of Gentlemen #3),гд125.83,11,5,40c4bf520c17de54,0
Raspberry Pi Electronics Projects for the Evil Genius,гд423.73,12,4,ebf81a62e4798fd1,0
"10% Happier: How I Tamed the Voice in My Head, Reduced Stress Without Losing My Edge, and Found Self-Help That Actually Works",гд209.60,10,2,34669b2e9d407d3a,0
A Mother's Reckoning: Living in the Aftermath of Tragedy,гд166.61,11,3,2b69dec0193511d9,0
Arena,гд182.22,11,4,2c34f9432069b52b,0
Born for This: How to Find the Work You Were Meant to Do,гд184.18,11,5,816180220e8cb419,0
Cravings: Recipes for What You Want to Eat,гд174.88,11,3,2587c54f5530dafc,0
"Exit, Pursued by a Bear",гд437.98,11,4,c65c25d990fc7025,0
Adultery,гд178.13,11,5,bb967277222e689c,0
Daredevils,гд139.39,11,3,f608c903c451f387,0
Don't Forget Steven,гд283.48,9,1,e845d305f64154f1,0
Dress Your Family in Corduroy and Denim,гд372.63,9,3,7e9068872228c474,0
If I Gave You God's Phone Number....: Searching for Spirituality in America,гд178.38,9,1,8fab4c4f6f82a4ce,0
"Fruits Basket, Vol. 9 (Fruits Basket #9)",гд289.62,9,4,97187f5cf0385da3,0
"NaNo What Now? Finding your editing process, revising your NaNoWriMo book and building a writing career through publishing and beyond",гд88.81,9,4,ee6c67859d70186b,0
Nap-a-Roo,гд213.95,9,1,913e7109cec0cb4c,0
Suzie Snowflake: One beautiful flake (a self-esteem story),гд467.58,9,5,0e095ed785af7e43,0
Grey (Fifty Shades #4),гд413.66,11,4,b5953ca1f8a0b8d7,0
Modern Day Fables,гд404.71,9,2,6baac632f7711e26,0
The Alien Club,гд464.08,9,1,e77594ece9b9d1fe,0
The Flowers Lied,гд142.30,9,2,33396269bcce166f,0
"The Moosewood Cookbook: Recipes from Moosewood Restaurant, Ithaca, New York",гд105.27,9,4,65cfc9f242c2984a,0
The Shack,гд239.12,9,1,903a9f8090104c2c,0
Underlying Notes,гд100.84,9,2,0967effecd292a86,0
The Book of Mormon,гд209.60,9,3,3f25a2fedae191cc,0
The New Brand You: Your New Image Makes the Sale for You,гд375.79,9,5,4b50fb1359ebf35d,0
"The Fabric of the Cosmos: Space, Time, and the Texture of Reality",гд476.96,9,1,ca74f2e3c35a3e77,0
Unlimited Intuition Now,гд502.21,9,4,4fd0a2a350f016e6,0
Silence in the Dark (Logan Point #4),гд497.61,8,3,e46a164cf310fd7d,0
Watchmen,гд495.22,9,4,d1848064c54e01c7,0
Smarter Faster Better: The Secrets of Being Productive in Life and Business,гд331.77,8,5,a2475a245c9907c4,0
South of Sunshine,гд246.80,8,1,331c26103d885cae,0
Shadows of the Past (Logan Point #1),гд338.42,8,5,bee6e93e9976f4fa,0
The E-Myth Revisited: Why Most Small Businesses Don't Work and What to Do About It,гд314.88,8,1,a2308a936e898d48,0
The Art and Science of Low Carbohydrate Living,гд451.97,9,5,f9c87ccb2bc4853b,0
The Martian (The Martian #1),гд353.09,8,2,9afd00e81d6208e6,0
The High Mountains of Portugal,гд436.36,8,1,4f283dfcbeccc0d4,0
"The Midnight Assassin: Panic, Scandal, and the Hunt for America's First Serial Killer",гд242.70,8,4,5a0d2e9284004266,0
Vagabonding: An Uncommon Guide to the Art of Long-Term World Travel,гд315.13,8,2,1809259a5a5f1d8d,0
The Unlikely Pilgrimage of Harold Fry (Harold Fry #1),гд372.12,8,5,e0bdd79c7304ee8d,0
Howl and Other Poems,гд345.07,8,2,b7870fa6dc088fbb,0
When Breath Becomes Air,гд335.78,8,2,b69c852e7e3956af,0
The New Drawing on the Right Side of the Brain,гд367.00,8,3,3eec766dda26fa64,0
John Vassos: Industrial Design for Modern Life,гд172.49,8,4,bd26e8a79a856c31,0
I Will Find You,гд377.15,8,1,bbf1ea50be8008ab,0
Kierkegaard: A Christian Missionary to Christians,гд402.06,8,1,0cf57cb49272fd37,0
Hystopia: A Novel,гд187.34,8,4,0bfdef63285d3019,0
Left Behind (Left Behind #1),гд347.38,8,2,29af1a2566c4e36e,0
Les Fleurs du Mal,гд247.74,8,5,c44c5e1425475206,0
"Love That Boy: What Two Presidents, Eight Road Trips, and My Son Taught Me About a Parent's Expectations",гд213.78,8,2,4d3a4c7b442a9a4e,0
I'll Give You the Sun,гд481.83,8,1,0ab4b35dcffcffd1,0
Living Forward: A Proven Plan to Stop Drifting and Get the Life You Want,гд107.06,8,3,044534b0b28b4e87,0
Kill 'Em and Leave: Searching for James Brown and the American Soul,гд384.32,8,5,39eefec3a8498dde,0
Man's Search for Meaning,гд251.49,8,3,4729afff3bea0f0a,0
Toddlers Are A**holes: It's Not Your Fault,гд217.96,7,1,4242cc3d0437db12,0
The Year of Living Biblically: One Man's Humble Quest to Follow the Bible as Literally as Possible,гд296.19,7,1,4a0b78598b42897a,0
The Whale,гд306.77,7,4,0ff9d10864db8364,0
Under the Tuscan Sun,гд318.46,7,3,a94350ee74deaa07,0
What Happened on Beale Street (Secrets of the South Mysteries #2),гд216.43,7,5,9735c969c652dd89,0
"""Most Blessed of the Patriarchs"": Thomas Jefferson and the Empire of the Imagination",гд379.45,8,5,f16c2edb2a603f92,0
Unreasonable Hope: Finding Faith in the God Who Brings Purpose to Your Pain,гд395.24,7,2,48cb52d78c992487,0
Wildlife of New York: A Five-Borough Coloring Book,гд188.87,7,2,b46d022080543144,0
Being Mortal: Medicine and What Matters in the End,гд469.71,8,4,15ebd83e53d0391b,0
32 Yolks,гд457.51,8,2,b1a227b7609ff263,0
"A Murder Over a Girl: Justice, Gender, Junior High",гд112.61,8,3,fef91502cbacf23a,0
Playing from the Heart,гд276.23,7,1,68008abf6409dfde,0
"Rich Dad, Poor Dad",гд441.39,7,1,8486f61aa81a3daa,0
"Shrunken Treasures: Literary Classics, Short, Sweet, and Silly",гд451.03,7,3,9639e89d20228e6e,0
Sister Dear,гд342.94,7,4,7ffebdd1d5148aef,0
"Sit, Stay, Love",гд178.30,7,3,bd087cf6a846db75,0
Raymie Nightingale,гд293.55,7,2,31c56c4d0fe19340,0
Team of Rivals: The Political Genius of Abraham Lincoln,гд171.64,7,5,ba047a636b7d3793,0
The 7 Habits of Highly Effective People: Powerful Lessons in Personal Change,гд282.97,7,4,5fbd03b1ac0a0e69,0
The Art Book,гд275.89,7,2,4b8fa561a1e52d1c,0
Steal Like an Artist: 10 Things Nobody Told You About Being Creative,гд178.30,7,2,8776181be110838a,0
The Bachelor Girl's Guide to Murder (Herringford and Watts Mysteries #1),гд446.17,7,5,20789fb17b423c4c,0
The Constant Princess (The Tudor Court #1),гд141.78,7,3,24933c712f0bca2f,0
The Drowning Girls,гд304.30,7,3,7a10353c9c54cf7c,0
Blue Like Jazz: Nonreligious Thoughts on Christian Spirituality,гд219.84,7,1,a322361a37a78d3d,0
"Chronicles, Vol. 1",гд448.73,7,2,4781b6bfd6f7a2c5,0
Counted With the Stars (Out from Egypt #1),гд153.30,7,5,4807043b8218e9ce,0
Delivering the Truth (Quaker Midwife Mystery #1),гд178.21,7,4,4e980425468708da,0
Every Heart a Doorway (Every Heart A Doorway #1),гд103.74,7,5,4fa75fc6829431ca,0
Finding God in the Ruins: How God Redeems Pain,гд397.88,7,2,4e78f06160b717ac,0
"Fruits Basket, Vol. 7 (Fruits Basket #7)",гд166.95,7,1,de6d7645f192d517,0
For the Love: Fighting for Grace in a World of Impossible Standards,гд385.00,7,3,2e40333991f56f45,0
Good in Bed (Cannie Shapiro #1),гд316.07,7,5,c00bc29a678a6efb,0
How to Be a Domestic Goddess: Baking and the Art of Comfort Cooking,гд241.00,7,2,eff5710404e2ff78,0
The Fellowship of the Ring (The Lord of the Rings #1),гд87.61,6,2,cb17945cb90b7837,0
The Collected Poems of W.B. Yeats (The Collected Works of W.B. Yeats #1),гд131.55,6,5,3d250ab0f12be445,0
The Girl You Left Behind (The Girl You Left Behind #1),гд134.70,6,1,eb7459e0c570251d,0
The Golden Compass (His Dark Materials #1),гд160.12,6,1,d33824cb93ecab6f,0
The God Delusion,гд399.67,6,3,2bc80eba94950873,0
The Great Railway Bazaar,гд260.53,6,1,48736df57e7bec9f,0
The Hobbit (Middle-Earth Universe),гд151.85,6,5,72b5355dda190b6a,0
The Makings of a Fatherless Child,гд269.41,6,2,2efa5a839e62b1bd,0
A Year in Provence (Provence #1),гд485.24,6,4,9e60929f521fa280,0
An Unquiet Mind: A Memoir of Moods and Madness,гд181.71,6,3,46cb43c2ab133ccc,0
Better Homes and Gardens New Cook Book,гд337.91,6,3,faf841f81c52638b,0
Catherine the Great: Portrait of a Woman,гд499.48,6,4,f3c70d296ec796c4,0
"Death Note, Vol. 6: Give-and-Take (Death Note #6)",гд310.44,6,3,6e06d0f00f6da20f,0
"Fruits Basket, Vol. 6 (Fruits Basket #6)",гд178.81,6,4,97258f576d4bb672,0
Fun Home: A Family Tragicomic,гд482.76,6,4,56a34d0cec11d6b0,0
Deception Point,гд343.97,6,4,4e3b183180e2a992,0
"Girl, Interrupted",гд359.49,6,3,384c7d41d5ffe9d1,0
The Expatriates,гд380.31,5,2,fe7210553d56c097,0
The Fault in Our Stars,гд402.83,5,1,3661360c99719414,0
The Firm,гд388.67,5,3,ad84f18659e6bfe2,0
The Grand Design,гд117.39,5,3,3213b1f13f5f0f7c,0
The False Prince (The Ascendance Trilogy #1),гд477.73,5,5,a2a9f76339d21ab1,0
The Hiding Place,гд476.96,5,4,c4589ee5977a47be,0
The Little Paris Bookshop,гд210.97,5,3,dfd9ff1f343cdaff,0
The Mathews Men: Seven Brothers and the War Against Hitler's U-boats,гд366.06,5,5,0d210d2448c3018f,0
The Metamorphosis,гд243.81,5,1,93379e3a2072a01b,0
The Power Greens Cookbook: 140 Delicious Superfood Recipes,гд94.27,5,5,f701fae56b645ef7,0
Kill the Boy Band,гд132.40,5,5,44f545727e704187,0
Killing Floor (Jack Reacher #1),гд268.64,5,4,8dde2ff3f6fcc0a3,0
Last One Home (New Beginnings #1),гд511.68,5,3,07e6810fd3236bda,0
Lola and the Boy Next Door (Anna and the French Kiss #2),гд201.59,5,4,5e1a88d248599768,0
Maybe Something Beautiful: How Art Transformed a Neighborhood,гд192.29,5,1,81c68492ccd72941,0
Mexican Today: New and Rediscovered Recipes for Contemporary Kitchens,гд212.50,5,5,12a90b90283b2e6d,0
Peak: Secrets from the New Science of Expertise,гд138.88,5,2,6036239d2ab349b7,0
My Mother Was Nuts,гд269.83,5,4,a4ce39a3720cd679,0
Remember Me?,гд97.93,5,3,2973d38c2fbd7a5c,0
Red Dragon (Hannibal Lecter #1),гд199.37,5,3,e958ae92f328c181,0
Shiver (The Wolves of Mercy Falls #1),гд138.46,5,5,59a8ae019b64f2a7,0
Siddhartha,гд291.93,5,5,84bb29c53592ac40,0
Tell the Wind and Fire,гд388.24,5,3,84126312e2431a09,0
Tell Me Three Things,гд356.68,5,1,50d5a7b861ed1c54,0
The Crossover,гд330.74,5,4,b228042c088b1913,0
The Darkest Corners,гд96.66,5,5,c4182bdb53e2459a,0
The 5th Wave (The 5th Wave #1),гд100.92,5,2,b716233fcb6877e6,0
The Dream Thieves (The Raven Cycle #2),гд294.32,5,1,fec06f52054ea900,0
The Raven Boys (The Raven Cycle #1),гд492.57,5,4,e0b3a679b83caccc,0
The Secret Garden,гд128.65,5,4,abbb492978ff656d,0
The Raven King (The Raven Cycle #4),гд260.79,5,2,2e4fc5eacceec12c,0
Two Summers,гд124.89,5,1,3a7d54a264d9f33e,0
What If?: Serious Scientific Answers to Absurd Hypothetical Questions,гд457.94,5,4,163d89116179c33f,0
This Is Your Brain on Music: The Science of a Human Obsession,гд327.59,5,1,bc209a900101f28d,0
Why Save the Bankers?: And Other Essays on Our Economic and Political Crisis,гд415.20,5,2,759ee7d059b1beb8,0
Where She Went (If I Stay #2),гд355.99,5,4,60369d96b7b80869,0
World Without End (The Pillars of the Earth #2),гд281.26,5,4,2e5b4ff08a75fd02,0
"Will Grayson, Will Grayson (Will Grayson, Will Grayson)",гд403.60,5,4,e75f3ae1da1cc652,0
Talking to Girls About Duran Duran: One Young Man's Quest for True Love and a Cooler Haircut,гд214.55,5,4,1dba84766a5e87b8,0
How to Stop Worrying and Start Living,гд396.60,6,5,e792c0969cefe1b8,0
In Cold Blood,гд426.37,6,4,fe0f34ebed689381,0
Mere Christianity,гд413.83,6,3,f38f37ed934d84b2,0
In the Woods (Dublin Murder Squad #1),гд327.42,6,2,6958de044cb28a84,0
Give It Back,гд156.29,6,2,012170e4fc87ace0,0
Pride and Prejudice,гд164.39,6,4,720c36b2bee4692e,0
Tell the Wolves I'm Home,гд434.73,6,2,2a1b3d967cda1da2,0
Me Before You (Me Before You #1),гд162.26,6,1,7a2b51f69e81c722,0
Musicophilia: Tales of Music and the Brain,гд397.37,6,1,6d235933670503d9,0
The Man Who Mistook His Wife for a Hat and Other Clinical Tales,гд507.16,6,4,60376aa71be66083,0
The Mysterious Affair at Styles (Hercule Poirot #1),гд211.57,6,4,2da5edf8b5776c9a,0
The Barefoot Contessa Cookbook,гд511.17,6,5,6478ccb4416e6a5d,0
The Rise and Fall of the Third Reich: A History of Nazi Germany,гд338.42,6,2,774fa432bd7d9c47,0
The Perks of Being a Wallflower,гд469.37,6,3,fd364afd082f5446,0
The Sound Of Love,гд493.43,6,5,5ba3d703d1ae0c1d,0
Ship Leaves Harbor: Essays on Travel by a Recovering Journeyman,гд261.05,6,3,8d8e9f9b8730eb25,0
A Gathering of Shadows (Shades of Magic #2),гд382.27,7,4,d1378a0ad06ff979,0
"At The Existentialist Cafиж: Freedom, Being, and apricot cocktails with: Jean-Paul Sartre, Simone de Beauvoir, Albert Camus, Martin Heidegger, Edmund Husserl, Karl Jaspers, Maurice Merleau-Ponty and others",гд255.33,7,5,6b52904b2ab91bf6,0
A Short History of Nearly Everything,гд447.02,7,5,6c7fa6844380f50a,0
Benjamin Franklin: An American Life,гд411.10,7,3,5b546a46a86a9d8c,0
A Summer In Europe,гд378.26,7,2,cc1936a9f4e93477,0
King's Folly (The Kinsman Chronicles #1),гд337.91,7,5,4c82371b8cd02d4d,0
Leave This Song Behind: Teen Poetry at Its Best,гд436.53,7,5,b74ee891e2a6dd69,0
John Adams,гд489.93,7,4,68407606544d6f22,0
Life of Pi,гд112.78,7,4,40cdcbb7692fd408,0
Meternity,гд371.78,7,3,725cd8d23d78cdca,0
Like Never Before (Walker Family #2),гд245.43,7,2,b6670507e85b30e6,0
How to Cook Everything Vegetarian: Simple Meatless Recipes for Great Food (How to Cook Everything),гд392.51,7,4,2a9fcb3382d351c8,0
"Naturally Lean: 125 Nourishing Gluten-Free, Plant-Based Recipes--All Under 300 Calories",гд97.08,7,5,924438fc6cbec836,0
Memoirs of a Geisha,гд423.73,7,3,dac4b5847454fd9b,0
Nightstruck: A Novel,гд429.53,7,4,746029796363aa51,0
The Faith of Christopher Hitchens: The Restless Soul of the World's Most Notorious Atheist,гд337.40,7,1,57f85720e54d6442,0
The Good Girl,гд418.27,7,3,f935412970c9f58f,0
The Origin of Species,гд85.39,7,4,0345872b14f9e774,0
The Glass Castle,гд138.54,7,1,47f4fd3e8e1dac05,0
Between the World and Me,гд485.49,8,4,04e3de7ac35ec5cd,0
Brazen: The Courage to Find the You That's Been Hiding,гд163.96,8,2,77e9ea355bd8ae57,0
Death by Leisure: A Cautionary Tale,гд319.99,8,4,4dbd54d9e36c9566,0
The Story of Art,гд350.96,7,4,9147c5251cc99eb1,0
Ender's Game (The Ender Quintet #1),гд372.29,8,1,e049d44c4f1cf1b2,0
Future Shock (Future Shock #1),гд474.74,8,5,df6a7c43faa6732b,0
The Great Gatsby,гд307.54,7,4,a8dbf1c6b41b885a,0
Brilliant Beacons: A History of the American Lighthouse,гд97.68,8,3,7f5157bf53065d36,0
My Life Next Door (My Life Next Door ),гд310.44,8,5,9a7291b89bd5445c,0
Proofs of God: Classical Arguments from Tertullian to Barth,гд462.46,8,1,d56d0710668bb39c,0
Heaven is for Real: A Little Boy's Astounding Story of His Trip to Heaven and Back,гд450.94,8,2,d48c1369927ebef1,0
Miller's Valley,гд499.40,8,2,bff270fe9c86a5a9,0
Rising Strong,гд186.14,8,3,52fc458ffc756faf,0
Why Not Me?,гд151.51,8,1,04f6c929888f4f11,0
Roller Girl,гд120.29,8,5,aeb51dfbe8aeec59,0
A Hero's Curse (The Unseen Chronicles #1),гд430.73,9,3,c181ca8eabe7d18c,0
23 Degrees South: A Tropical Tale of Changing Whether...,гд305.32,9,2,61cf7eb9d2cd8bb0,0
"Zero to One: Notes on Startups, or How to Build the Future",гд290.56,8,3,e77033ce559947f7,0
Chernobyl 01:23:40: The Incredible True Story of the World's Worst Nuclear Disaster,гд306.43,9,2,7186241e043de5dc,0
A Shard of Ice (The Black Symphony Saga #1),гд483.10,9,3,63d5f1651880dcea,0
Art and Fear: Observations on the Perils (and Rewards) of Artmaking,гд414.86,9,4,d6d9ffea95f2f8bf,0
Keep Me Posted,гд174.54,11,4,20dc4f1ac5d4fd9c,0
Without Shame,гд411.79,9,5,ab60e6f5a63e1cfb,0
Lies and Other Acts of Love,гд385.08,11,1,469508882dfc1991,0
Lab Girl,гд348.49,11,1,825d6c44da3ca5a6,0
It Didn't Start with You: How Inherited Family Trauma Shapes Who We Are and How to End the Cycle,гд480.03,11,3,ce8666d9b42fc9a0,0
Lilac Girls,гд147.41,11,2,bade9943ee01b63f,0
"Mother, Can You Not?",гд144.09,11,5,28b2df9fadc9f07e,0
M Train,гд231.87,11,1,5569c3fea112718e,0
Mothering Sunday,гд113.80,11,2,47e1b2d43f709995,0
Eleanor & Park,гд482.08,12,5,6983328f15506cb9,0
Everyday Italian: 125 Simple and Delicious Recipes,гд171.47,12,5,76319fe9d8b465a3,0
Equal Is Unfair: America's Misguided Fight Against Income Inequality,гд485.07,12,1,3968e3fbf4695d7c,0
Diary of a Citizen Scientist: Chasing Tiger Beetles and Other New Ways of Engaging the World,гд242.36,8,1,0c11e2d068768dbb,0
The Golden Condom: And Other Essays on Love Lost and Found,гд336.37,12,1,235fa48eeed11d82,0
Furiously Happy: A Funny Book About Horrible Things,гд353.69,12,4,c6a29d6df8de968c,0
Hide Away (Eve Duncan #20),гд101.01,12,1,bddc6fd036eb6279,0
The Lonely City: Adventures in the Art of Being Alone,гд283.74,12,2,582a21a1dbbef3cf,0
A Man Called Ove,гд338.85,14,1,8682c03de6a844ff,0
A People's History of the United States,гд347.98,14,2,1ad06aed9349af46,0
"A Series of Catastrophes and Miracles: A True Story of Love, Science, and Cancer",гд481.83,14,2,c1379d3744f1dd2c,0
The Midnight Watch: A Novel of the Titanic and the Californian,гд223.51,12,1,14e44163678e24dc,0
A Time of Torment (Charlie Parker #14),гд412.47,14,5,4416c474713ec1f5,0
The Gray Rhino: How to Recognize and Act on the Obvious Dangers We Ignore,гд504.60,12,4,3063c7e95d0bf76f,0
A Study in Scarlet (Sherlock Holmes #1),гд142.72,14,2,63ee5bc46066a8a8,0
City of Ashes (The Mortal Instruments #2),гд403.26,14,1,8a6ec2761f91dad2,0
All the Light We Cannot See,гд254.82,14,5,39861fc1c0845d15,0
City of Bones (The Mortal Instruments #1),гд369.22,14,1,5b987e54ee72525c,0
Adulthood Is a Myth: A "Sarah's Scribbles" Collection,гд92.99,14,2,5319169a72714c62,0
City of Glass (The Mortal Instruments #3),гд477.90,14,4,966ebb738e0f9d9b,0
Clockwork Angel (The Infernal Devices #1),гд376.55,14,1,42b0c50fc44140ec,0
City of Fallen Angels (The Mortal Instruments #4),гд95.80,14,4,1e264c677d4ee4ae,0
Shtum,гд476.37,14,4,830fb3967c74866d,0
Code Name Verity (Code Name Verity #1),гд188.79,14,4,33a3e0e3ffde0dcd,0
Abstract City,гд480.89,14,5,cf1aa2fc02a7d1e0,0
Steve Jobs,гд336.97,14,5,95019eac1c0a052f,0
Sorting the Beef from the Bull: The Science of Food Fraud Forensics,гд381.67,14,4,3edcccc4f341fb1a,0
Still Life with Bread Crumbs,гд225.30,14,3,fe44cc816576c652,0
Someone Like You (The Harrisons #2),гд450.35,14,5,a278db6b2b09cf9f,0
Superman Vol. 1: Before Truth (Superman by Gene Luen Yang #1),гд101.43,14,5,ac8e3949d284e9a9,0
Swell: A Year of Waves,гд388.84,14,1,4c8b7540409da4ac,0
The Guilty (Will Robie #4),гд117.90,14,2,847935fc68707426,0
The Hidden Oracle (The Trials of Apollo #1),гд445.82,14,2,992974ba6a0536ea,0
The Last Mile (Amos Decker #2),гд462.46,14,2,3bc89353f7e3a3cc,0
The Help Yourself Cookbook for Kids: 60 Easy Plant-Based Recipes Kids Can Make to Stay Healthy and Save the Earth,гд245.43,14,3,ddc8340dabc8641b,0
The Literature Book (Big Ideas Simply Explained),гд148.69,14,3,4881cc53f6c8892f,0
The Long Haul (Diary of a Wimpy Kid #9),гд375.96,14,1,f21effc079a2b38a,0
The Loney,гд199.62,14,1,2d88a31f325dfd3b,0
The Lucifer Effect: Understanding How Good People Turn Evil,гд88.72,14,1,4e812d32d64e2431,0
The Marriage of Opposites,гд239.55,14,4,52cf2a5933ec5d8f,0
The Year of Magical Thinking,гд367.17,14,2,34c0d7c4ee5650af,0
This Is Where It Ends,гд231.36,14,2,f0f38174a7e689a3,0
Through the Woods,гд216.51,14,2,6e44bcbeac7f4360,0
"So Cute It Hurts!!, Vol. 6 (So Cute It Hurts!! #6)",гд302.25,14,4,394f6d30cafc3edb,0
The Immortal Life of Henrietta Lacks,гд346.95,14,2,f72f61ad6a5f12ed,0
"Unbroken: A World War II Story of Survival, Resilience, and Redemption",гд391.99,14,2,76c84daa539426e2,0
Twenty Yawns,гд188.36,14,2,1d6443ffba9dfd80,0
Until Friday Night (The Field Party #1),гд395.07,14,2,aba2db9afb1469c7,0
"We Are Robin, Vol. 1: The Vigilante Business (We Are Robin #1)",гд459.82,14,1,92275cedf6d8ee15,0
Walt Disney's Alice in Wonderland,гд110.56,14,5,6a31307a81e8f3a8,0
What's It Like in Space?: Stories from Astronauts Who've Been There,гд167.21,14,2,6fd646a334e6e133,0
V for Vendetta (V for Vendetta Complete),гд316.50,14,4,4a1debca3135ff37,0
Anonymous,гд399.42,15,4,d24b829be2ca81c4,0
Ayumi's Violin,гд132.06,15,2,05f7c6d9a4e582d3,0
Batman: The Dark Knight Returns (Batman),гд131.21,15,5,47271d8e08b5d31c,0
Whole Lotta Creativity Going On: 60 Fun and Unusual Exercises to Awaken and Strengthen Your Creativity,гд325.88,14,4,44a10f1ac8ce822e,0
Batman: The Long Halloween (Batman),гд311.38,15,2,7edc0527cf782e19,0
Becoming Wise: An Inquiry into the Mystery and Art of Living,гд234.00,15,2,919e7cb2269a25d2,0
Big Magic: Creative Living Beyond Fear,гд262.75,15,3,1f329c2e7d7de8bd,0
Beauty Restored (Riley Family Legacy Novellas #3),гд94.78,15,2,3f69e667a67e54d9,0
"Daring Greatly: How the Courage to Be Vulnerable Transforms the Way We Live, Love, Parent, and Lead",гд165.76,15,3,3b9a3b4624b7fd6d,0
Chasing Heaven: What Dying Taught Me About Living,гд322.47,15,2,513271dadc1322ae,0
Dark Notes,гд163.71,15,5,88c21fcd38e2486e,0
Close to You,гд421.94,15,4,a57b1dcbd6849222,0
Full Moon over Noahбпs Ark: An Odyssey to Mount Ararat and Beyond,гд421.68,15,4,ce60436f52c5ee68,0
Grumbles,гд189.04,15,2,d163dd6c352fbcd2,0
Frostbite (Vampire Academy #2),гд255.84,15,5,116a2fdc9a45bab0,0
Hollow City (Miss Peregrineбпs Peculiar Children #2),гд366.66,15,1,4ce91d31c1e57c33,0
Large Print Heart of the Pride,гд163.37,15,2,c1afd71fc86bf682,0
Little Red,гд114.91,15,3,4aa03792b50f0b22,0
Library of Souls (Miss Peregrineбпs Peculiar Children #3),гд414.26,15,5,ba54932df84e8cea,0
I Had a Nice Time And Other Lies...: How to find love & sh*t like that,гд489.33,15,4,fd8585283fc7d2d7,0
Miss Peregrineбпs Home for Peculiar Children (Miss Peregrineбпs Peculiar Children #1),гд91.79,15,1,af96613fdd793a3c,0
Modern Romance,гд241.08,15,5,caf4fe9311f1dc59,0
So You've Been Publicly Shamed,гд104.33,15,2,1b33663ad7b95fd8,0
Louisa: The Extraordinary Life of Mrs. Adams,гд143.75,15,2,d69dd8dac66f9f84,0
Suddenly in Love (Lake Haven #1),гд477.65,15,2,203b7f94b7d6115f,0
The 10% Entrepreneur: Live Your Startup Dream Without Quitting Your Day Job,гд235.03,15,3,56e4f9eab2e8e674,0
The Argonauts,гд93.24,15,2,c99761a700ade23f,0
The Art of War,гд284.42,15,5,e7469e22b5bfb3e7,0
The Artist's Way: A Spiritual Path to Higher Creativity,гд328.35,15,5,dd047728de72ad62,0
The Nerdy Nummies Cookbook: Sweet Treats for the Geek in All of Us,гд318.54,15,5,e4c7f3487d17fd42,0
The Power of Now: A Guide to Spiritual Enlightenment,гд371.44,15,2,8ec14b1576cb7cb5,0
The Project,гд90.85,15,1,790ef197c8f236f5,0
The Omnivore's Dilemma: A Natural History of Four Meals,гд325.97,15,2,209adad1015af86f,0
The Psychopath Test: A Journey Through the Madness Industry,гд307.11,15,2,e98a4efa85070c2f,0
The Regional Office Is Under Attack!,гд438.15,15,5,0651062381f0636a,0
The Shadow Hero (The Shadow Hero),гд282.71,15,1,d6361d16212664ed,0
The Secret (The Secret #1),гд233.49,15,4,961f18db4f138211,0
A Fierce and Subtle Poison,гд239.97,16,4,842790dfaa937484,0
A Court of Thorns and Roses (A Court of Thorns and Roses #1),гд446.76,16,1,01d2001ac1e6f8a3,0
A Murder in Time,гд141.95,16,1,f733e8c19d40ec2e,0
A Flight of Arrows (The Pathfinders #2),гд473.72,16,5,3a6fb983e2554023,0
A World of Flavor: Your Gluten Free Passport,гд366.40,16,1,70ed59f194b3c556,0
Algorithms to Live By: The Computer Science of Human Decisions,гд262.84,16,1,38d45839cb1c83c1,0
"A Piece of Sky, a Grain of Rice: A Memoir in Four Meditations",гд484.21,16,5,8a380641491d43ed,0
Everydata: The Misinformation Hidden in the Little Data You Consume Every Day,гд463.65,16,2,311c0dd0e354a33e,0
First and First (Five Boroughs #3),гд136.24,16,4,9e28048cea8d41f7,0
Fifty Shades Darker (Fifty Shades #2),гд187.34,16,1,7add3f8e49ec0826,0
Forever and Forever: The Courtship of Henry Longfellow and Fanny Appleton,гд253.28,16,3,9beb96a2300109d7,0
"Giant Days, Vol. 2 (Giant Days #5-8)",гд188.62,16,2,f2df3bb043a8abb0,0
How to Be Miserable: 40 Strategies You Already Use,гд392.68,16,1,a6f99b9e687f9d46,0
I am a Hero Omnibus Volume 1,гд466.04,16,3,1c89ae5bb804e4de,0
"I Hate Fairyland, Vol. 1: Madly Ever After (I Hate Fairyland (Compilations) #1-5)",гд248.85,16,2,8d4eefad7a2b3915,0
Her Backup Boyfriend (The Sorensen Family #1),гд289.79,16,1,2a97cffe61c3c4c7,0
The Electric Pencil: Drawings from Inside State Hospital No. 3,гд478.24,16,1,a30b270e25489e5c,0
The Gutsy Girl: Escapades for Your Life of Epic Adventure,гд316.75,16,1,acd86a5426e21ca0,0
Immunity: How Elie Metchnikoff Changed the Course of Modern Medicine,гд489.33,16,5,e4f74c16de34d440,0
The Life-Changing Magic of Tidying Up: The Japanese Art of Decluttering and Organizing,гд143.06,16,3,0da9aa9d24677fc0,0
"The Mindfulness and Acceptance Workbook for Anxiety: A Guide to Breaking Free from Anxiety, Phobias, and Worry Using Acceptance and Commitment Therapy",гд203.80,16,4,31075275518532d7,0
The Most Perfect Thing: Inside (and Outside) a Bird's Egg,гд366.49,16,4,aadee1c326d286e3,0
The Murder That Never Was (Forensic Instincts #5),гд461.61,16,3,d01ac97e2b8947c2,0
Logan Kade (Fallen Crest High #5.5),гд111.93,5,2,7093cf549cd2e7de,0
The Joy of Cooking,гд369.13,6,4,d326e189b1210916,0
The Bourne Identity (Jason Bourne #1),гд364.95,7,4,d250657f0ebc5d73,0
History of Beauty,гд87.78,8,4,8a150fd8ff5d7686,0
The Grownup,гд306.09,8,1,1bba4b1ba23ed2d6,0
Hold Your Breath (Search and Rescue #1),гд245.86,14,1,0b165bd4b9f42fd5,0
You Are a Badass: How to Stop Doubting Your Greatness and Start Living an Awesome Life,гд103.05,7,3,88ec621893e595d0,0
Rain Fish,гд201.07,14,3,a6454e329f872b78,0
The Invention of Wings,гд318.54,6,1,e6635f5b0a2c78db,0
"Eat Fat, Get Thin",гд461.27,14,2,047dfa57ba0bf638,0
An Abundance of Katherines,гд85.31,5,5,f36d24c309e87e5b,0
"Blue Lily, Lily Blue (The Raven Cycle #3)",гд291.16,5,5,ad5e078beceaeb4a,0
Approval Junkie: Adventures in Caring Too Much,гд501.70,5,5,612369a5947a012e,0
Critique of Pure Reason,гд177.02,5,1,429b4a811bef386c,0
"Data, A Love Story: How I Gamed Online Dating to Meet My Match",гд275.97,5,3,bcf567421c581f0a,0
America's War for the Greater Middle East: A Military History,гд436.95,5,2,add33db6ff80db24,0
Digital Fortress,гд494.79,5,5,94bb629a3f6dd00b,0
"Death Note, Vol. 5: Whiteout (Death Note #5)",гд447.10,5,1,1c0a38899c82b60a,0
Drama,гд330.15,5,2,d5ad4c92d8bf26c9,0
Evicted: Poverty and Profit in the American City,гд360.60,5,1,75cc85cdbe9ad46b,0
Dracula the Un-Dead,гд303.96,5,5,e46b1074b99ac4b6,0
The Beast (Black Dagger Brotherhood #14),гд393.10,4,5,8930013d06942df1,0
The Bone Hunters (Lexy Vaughan & Steven Macaulay #2),гд509.38,4,3,9c4d061c1e2fe6bf,0
Some Women,гд117.13,4,5,31f5bbf4974d29c9,0
"The Demon Prince of Momochi House, Vol. 4 (The Demon Prince of Momochi House #4)",гд237.84,4,2,df53c2948b32bde3,0
The Geography of Bliss: One Grump's Search for the Happiest Places in the World,гд240.83,4,2,c65ee14957c0fa5c,0
The Gunning of America: Business and the Making of American Gun Culture,гд143.40,4,4,45033bdf3d9ed158,0
The Hound of the Baskervilles (Sherlock Holmes #5),гд126.43,4,2,6587f46697fc4443,0
The Hunger Games (The Hunger Games #1),гд254.65,4,5,6d2f70d9424f41a1,0
Girl With a Pearl Earring,гд228.37,4,1,5eff05e59f905a49,0
"Fruits Basket, Vol. 4 (Fruits Basket #4)",гд430.30,4,4,8fff1084aa085a13,0
Harry Potter and the Half-Blood Prince (Harry Potter #6),гд415.88,4,5,73f4f87dd936ee5c,0
Harry Potter and the Prisoner of Azkaban (Harry Potter #3),гд206.19,4,4,eff24325e0ede639,0
Harry Potter and the Sorcerer's Stone (Harry Potter #1),гд118.58,4,3,ac337893a9fe0085,0
It,гд213.36,4,3,670a2773607d785d,0
Little Women (Little Women #1),гд239.46,4,4,deda806b68b0aa11,0
Misery,гд296.79,4,2,81d4191030b9704b,0
Mockingjay (The Hunger Games #3),гд174.37,4,4,5212c6acea3359e5,0
Needful Things,гд405.30,4,4,70b585c9d0f15725,0
Night Shift (Night Shift #1-20),гд108.77,4,4,869d20b3b8128230,0
No One Here Gets Out Alive,гд170.79,4,5,3a95f5a2df4ff921,0
"Orchestra of Exiles: The Story of Bronislaw Huberman, the Israel Philharmonic, and the One Thousand Jews He Saved from Nazi Horrors",гд105.44,4,3,2ba5ccc84d35006c,0
Outlander (Outlander #1),гд167.80,4,5,5de4baa88061a77a,0
Paper and Fire (The Great Library #2),гд421.85,4,5,ae884ac655d6ee3e,0
Shopaholic Ties the Knot (Shopaholic #3),гд412.81,4,5,38199c5d7da0c0ef,0
The Jazz of Physics: The Secret Link Between Music and the Structure of the Universe,гд330.23,4,3,6a57286a8890d8c5,0
The Passion of Dolssa,гд241.60,4,5,011674f4a3834b8d,0
The Perfect Play (Play by Play #1),гд511.77,4,3,9cc207168a03470d,0
The Shining (The Shining #1),гд237.84,4,3,d4de23aa98acc65b,0
Vogue Colors A to Z: A Fashion Coloring Book,гд446.59,4,4,a8f4577a48023344,0
A Clash of Kings (A Song of Ice and Fire #2),гд92.05,5,3,89a89e76f3516357,0
A Feast for Crows (A Song of Ice and Fire #4),гд146.82,5,4,f2c8f4b4c94d5c5c,0
A Game of Thrones (A Song of Ice and Fire #1),гд396.00,5,2,03cbb67c0f990d87,0
A Girl's Guide to Moving On (New Beginnings #2),гд267.02,5,1,cf3b86489890b9f2,0
Find Her (Detective D.D. Warren #8),гд190.84,5,1,b28c7d07afa7063b,0
Alight (The Generations Trilogy #2),гд499.83,5,4,d9290e99f189ce84,0
Foundation (Foundation (Publication Order) #1),гд276.57,5,1,3fc124f59f3068e4,0
"Fruits Basket, Vol. 5 (Fruits Basket #5)",гд139.31,5,1,3fd83dcf37bf1bc0,0
Harry Potter and the Deathly Hallows (Harry Potter #7),гд198.94,5,1,6c49258724f11770,0
I Know Why the Caged Bird Sings (Maya Angelou's Autobiography #1),гд311.80,5,2,d219d4e325e6f204,0
If I Stay (If I Stay #1),гд325.28,5,5,7284d85428305f5a,0
Fool Me Once,гд144.68,5,1,630e766f0a1987dd,0
Isla and the Happily Ever After (Anna and the French Kiss #3),гд410.59,5,5,45045146dbf7b009,0
Booked,гд149.21,5,5,b54d7416bb445989,0
"The Inefficiency Assassin: Time Management Tactics for Working Smarter, Not Longer",гд175.65,16,5,8c9e6bf2467d740d,0
The Demonists (Demonist #1),гд444.55,4,2,ff2dffba388d9922,0
The Bridge to Consciousness: I'm Writing the Bridge Between Science and Our Old and New Beliefs.,гд272.99,15,3,efc3768127714ec3,0
Soft Apocalypse,гд222.83,15,2,2a70769cdc6eb8b8,0
The Power of Habit: Why We Do What We Do in Life and Business,гд144.00,14,3,6bdd909329435e80,0
Please Kill Me: The Uncensored Oral History of Punk,гд266.08,8,4,4a823d80aa30dbb0,0
Out of Print: City Lights Spotlight No. 14,гд457.60,8,5,c0fc0cd215ee1724,0
Agnostic: A Spirited Manifesto,гд106.72,15,5,d195e7f4ed697350,0
The Mistake (Off-Campus #2),гд369.30,15,3,99ff4cc6491e8f5c,0
Tuesday Nights in 1980,гд179.49,15,2,b8736690cf263a3c,0
Scarlett Epstein Hates It Here,гд371.52,15,5,1c929cfd16b71907,0
"Mama Tried: Traditional Italian Cooking for the Screwed, Crude, Vegan, and Tattooed",гд119.60,16,4,72f9d5be3472d34e,0
Throwing Rocks at the Google Bus: How Growth Became the Enemy of Prosperity,гд265.48,16,3,7858914fad68493c,0
In Her Wake,гд109.54,19,1,23356462d1320d61,0
Far From True (Promise Falls Trilogy #2),гд297.98,4,2,ad15a9a139919918,0
We Are All Completely Beside Ourselves,гд205.08,3,1,be3db344a845580b,0
We the People: The Modern-Day Figures Who Have Reshaped and Affirmed the Founding Fathers' Vision of America,гд272.56,3,3,06bab964fd536971,0
"Where'd You Go, Bernadette",гд154.67,3,1,07bb35158d9dd3d2,0
When You Are Engulfed in Flames,гд263.52,3,5,dab0196cd5fc8e5e,0
Wild: From Lost to Found on the Pacific Crest Trail,гд392.59,3,3,d30b9215c72cca87,0
World War Z: An Oral History of the Zombie War,гд185.97,3,1,5d55202da0252627,0
Wuthering Heights,гд151.25,3,3,5a7ff9aaa3168878,0
Zero History (Blue Ant #3),гд296.62,3,1,634b7165c96ebb9f,0
"A History of God: The 4,000-Year Quest of Judaism, Christianity, and Islam",гд235.62,4,1,d12ca4020c2f602e,0
'Salem's Lot,гд422.79,4,4,6e9403f00acd6752,0
The Thing About Jellyfish,гд416.05,3,1,3d15714d4d3d15dd,0
The Stand,гд493.60,3,2,49f24193f0b961e6,0
The Tipping Point: How Little Things Can Make a Big Difference,гд85.48,3,2,224fa77d4b248046,0
The Travelers,гд134.53,3,1,2b685187f55c5d31,0
The Undomestic Goddess,гд390.29,3,4,813cff2aefa5d1f0,0
The Wild Robot,гд478.33,3,3,75fed6a47f69859d,0
"Thinking, Fast and Slow",гд180.34,3,1,719d72f3ee512dc6,0
"The Wicked + The Divine, Vol. 3: Commercial Suicide (The Wicked + The Divine)",гд122.93,3,3,a33ed2e6068df53e,0
Three-Martini Lunch,гд198.00,3,3,57f755143ee96fd4,0
The Name of God is Mercy,гд317.78,3,2,0baf71623648413a,0
The Lonely Ones,гд371.86,3,5,cf2f27fdf94ba20e,0
The Lover's Dictionary,гд495.56,3,2,36c15687f5ab0f7c,0
The Nanny Diaries (Nanny #1),гд448.13,3,5,6263c1d2997b8ce0,0
The Maze Runner (The Maze Runner #1),гд178.55,3,1,4266f48a0aa1c37d,0
The Obsession,гд387.56,3,1,ee441c8e027caa66,0
The New Guy (and Other Senior Year Distractions),гд383.21,3,3,3e42ac0f4d43320f,0
The Nightingale,гд224.02,3,4,29d6d87f3418638b,0
The Paris Wife,гд313.94,3,3,fa26798728f5208f,0
The Purest Hook (Second Circle Tattoos #3),гд104.50,3,1,969f6c7e86554814,0
The Picture of Dorian Gray,гд253.37,3,2,b9f6305a3d650e2c,0
The Demon-Haunted World: Science as a Candle in the Dark,гд445.74,3,4,f51062bf579507d9,0
The Devil Wears Prada (The Devil Wears Prada #1),гд377.83,3,1,a6ab0cb7106a67f2,0
"The Disappearing Spoon: And Other True Tales of Madness, Love, and the History of the World from the Periodic Table of the Elements",гд489.25,3,5,63c0826ef59eae66,0
"The Elegant Universe: Superstrings, Hidden Dimensions, and the Quest for the Ultimate Theory",гд111.16,3,4,c6bf14cb901c63ac,0
The Exiled,гд370.67,3,3,dd003e904727281a,0
"The End of Faith: Religion, Terror, and the Future of Reason",гд188.79,3,4,b3f2bc2cefb35f05,0
The Girl Who Played with Fire (Millennium Trilogy #2),гд188.87,3,2,bfa9cb304075d3e8,0
The Girl Who Kicked the Hornet's Nest (Millennium Trilogy #3),гд490.36,3,1,8f5d16a5a9bd58b2,0
The Day the Crayons Came Home (Crayons),гд224.62,3,5,b22362b434e8ee62,0
The Smitten Kitchen Cookbook,гд201.24,3,1,742702d662a71410,0
The Giver (The Giver Quartet #1),гд104.93,3,1,e2dac1f4739e0bd5,0
The Girl with All the Gifts,гд422.02,3,3,92dcc54a27107a37,0
The Purpose Driven Life: What on Earth Am I Here for?,гд317.26,3,3,0e7beedf0ee9380c,0
Soldier (Talon #3),гд210.88,3,2,feaaae90514eb2ac,0
Something Blue (Darcy & Rachel #2),гд465.96,3,1,3fc9d51d1c4d6ba7,0
Shopaholic & Baby (Shopaholic #5),гд396.26,3,2,c57d3c96af23c297,0
Something Borrowed (Darcy & Rachel #1),гд417.67,3,5,ac27ab4bcd9c492e,0
Stiff: The Curious Lives of Human Cadavers,гд313.43,3,3,a11ae5f07572ef49,0
The Guernsey Literary and Potato Peel Pie Society,гд422.54,3,1,4a0a276409968a73,0
"Surely You're Joking, Mr. Feynman!: Adventures of a Curious Character",гд220.35,3,2,61002f3b7ba5d780,0
The Autobiography of Malcolm X,гд199.88,3,2,b04a6a0db525857d,0
The Art of Fielding,гд188.53,3,1,2858ac90c4758e1f,0
Spilled Milk: Based on a True Story,гд422.36,3,1,f08667e4c0458f37,0
"The Art of Simple Food: Notes, Lessons, and Recipes from a Delicious Revolution",гд292.78,3,3,311634df10651e05,0
The Goldfinch,гд371.78,3,3,c88422d8959260ab,0
The Book Thief,гд456.32,3,2,a75e274c8814b539,0
The Case for Christ (Cases for Christianity),гд408.12,3,1,970bd3316219e7dc,0
The Complete Poems,гд352.50,3,5,23707d3ddf14a999,0
The Catcher in the Rye,гд209.43,3,1,487449f4f6322f0f,0
The Book of Basketball: The NBA According to The Sports Guy,гд382.53,3,5,08decd9664e5d56e,0
The Blind Side: Evolution of a Game,гд458.19,3,5,cd3dcd83bb002e78,0
One for the Money (Stephanie Plum #1),гд280.41,3,2,3250650a5c4e6f07,0
Outliers: The Story of Success,гд120.80,3,1,09a7b0b566ad6225,0
Original Fake,гд268.30,3,3,c59283b05905c853,0
Prodigy: The Graphic Novel (Legend: The Graphic Novel #2),гд372.20,3,3,9707989a439757b4,0
Persepolis: The Story of a Childhood (Persepolis #1-2),гд333.81,3,1,cb62418129b864a3,0
Packing for Mars: The Curious Science of Life in the Void,гд483.53,3,2,8e2dfd6bcf48e1e6,0
Quiet: The Power of Introverts in a World That Can't Stop Talking,гд371.52,3,1,3c565df219ba3274,0
Red: The True Story of Red Riding Hood,гд243.47,3,3,4c8ece50736f9e88,0
Orange Is the New Black,гд209.95,3,2,8378c899988905ee,0
Ready Player One,гд162.68,3,4,2ef5dc7e278e562a,0
Reservations for Two,гд94.69,3,3,ecdf73ee66c33b17,0
Rework,гд382.87,3,2,8e9dd8431170c09e,0
The Cat in the Hat (Beginner Books B-1),гд138.71,3,2,b7f475238ed50429,0
Rogue Lawyer (Rogue Lawyer #1),гд427.48,3,3,b4f5672f68ec3a83,0
"Rise of the Rocket Girls: The Women Who Propelled Us, from Missiles to the Moon to Mars",гд355.48,3,4,89cad3f37c9ce226,0
"Lean In: Women, Work, and the Will to Lead",гд213.44,3,1,d5e1a9bfe22bbf9f,0
"Lamb: The Gospel According to Biff, Christ's Childhood Pal",гд473.46,3,5,190fbebbf798c31a,0
Let's Pretend This Never Happened: A Mostly True Memoir,гд384.83,3,1,1246e4ffeb5ac4ea,0
Legend (Legend #1),гд372.72,3,4,0ce8075fab4a2b5b,0
Life After Life,гд222.91,3,2,4ec53ff7e2263f32,0
Letter to a Christian Nation,гд189.39,3,1,1de75f05d57bfc10,0
Life Without a Recipe,гд503.66,3,5,c53d9fefcda371e9,0
Lust & Wonder,гд101.26,3,2,0dcadb06206abd3c,0
Manuscript Found in Accra,гд298.41,3,2,546da23278482b0a,0
Me Talk Pretty One Day,гд491.38,3,2,abc4a7ee16c21088,0
Lila (Gilead #3),гд106.38,3,3,4ef75307fb64e2ad,0
"Miracles from Heaven: A Little Girl, Her Journey to Heaven, and Her Amazing Story of Healing",гд493.34,3,1,7980fa06f2b704d8,0
Golden (Heart of Dread #3),гд360.09,3,4,984b3b6e7479b571,0
Midnight Riot (Peter Grant/ Rivers of London - books #1),гд473.12,3,2,e9056f9b5a40a301,0
Gone Girl,гд320.76,3,5,d5c588b6f9c015e4,0
"Grayson, Vol 3: Nemesis (Grayson #3)",гд364.44,3,1,4f6985aca357ae09,0
Green Eggs and Ham (Beginner Books B-16),гд92.05,3,4,621e2c310cec8d32,0
Heir to the Sky,гд375.96,3,4,b003f8bb02f76dc5,0
Gratitude,гд227.43,3,5,c300cc9326592b65,0
Horrible Bear!,гд320.08,3,2,cc1ac978a6835ef6,0
Holidays on Ice,гд435.67,3,2,0cb4856be3694a57,0
House of Leaves,гд468.26,3,1,557c03c284be1bf2,0
Counting Thyme,гд90.60,3,1,157f693d9e600ccc,0
Cosmos,гд308.56,3,2,dbe33cf29ef1623d,0
Crazy Rich Asians (Crazy Rich Asians #1),гд419.12,3,5,c9782ad2a0ed9331,0
Darkfever (Fever #1),гд477.90,3,1,468bd274ac084bb9,0
Dark Places,гд203.89,3,5,66937c669c4da072,0
"David and Goliath: Underdogs, Misfits, and the Art of Battling Giants",гд151.94,3,1,d234ddecef49ef4e,0
Disrupted: My Misadventure in the Start-Up Bubble,гд130.35,3,5,81372abc86f65c79,0
Do Androids Dream of Electric Sheep? (Blade Runner #1),гд439.17,3,1,98330e431e56a9ea,0
Dead Wake: The Last Crossing of the Lusitania,гд334.75,3,5,04d858cdeeee0da4,0
Are We Smart Enough to Know How Smart Animals Are?,гд482.68,3,1,da0349a87c8caa2f,0
Are We There Yet?,гд90.94,3,3,ef9c4f2465513956,0
Ash,гд188.19,3,4,5d22e2a46604b6e7,0
Awkward,гд324.34,3,2,1d89a2aa9f6ce50f,0
Beautiful Creatures (Caster Chronicles #1),гд183.84,3,5,5439bae708bca198,0
Beowulf,гд327.16,3,2,3fb69f34e178d494,0
Best of My Love (Fool's Gold #20),гд233.83,3,2,67dea6c75d6a1075,0
Between Shades of Gray,гд177.36,3,5,155e42df837ee5ff,0
Big Little Lies,гд188.62,3,1,d3f9c4539c0caa64,0
"Black Butler, Vol. 1 (Black Butler #1)",гд420.66,3,1,15f415d436888b2d,0
Black Flags: The Rise of ISIS,гд348.66,3,1,860318b8e244f39c,0
Blink: The Power of Thinking Without Thinking,гд185.46,3,5,0bbc48294707ba96,0
"Born to Run: A Hidden Tribe, Superathletes, and the Greatest Race the World Has Never Seen",гд233.32,3,2,e256de8aa0c2115f,0
Brave Enough,гд437.81,3,5,fd2337c1b73b686e,0
Boy Meets Boy,гд180.17,3,3,8e0bc2fe4e7d35b5,0
Breaking Dawn (Twilight #4),гд300.97,3,5,bbfc4a3b7b6c94a0,0
Catastrophic Happiness: Finding Joy in Childhood's Messy Years,гд318.63,3,2,ef49db2aaa9bb547,0
Career of Evil (Cormoran Strike #3),гд210.88,3,2,b461cf238506c5b8,0
Cinder (The Lunar Chronicles #1),гд222.57,3,1,7e9579921e5407cb,0
Civilization and Its Discontents,гд511.43,3,2,396385e3de5d18c3,0
H is for Hawk,гд489.84,2,5,b6d3f4f4ee1f6069,0
Kindle Paperwhite User's Guide,гд290.05,2,3,fb495f9f9015a772,0
Life,гд269.41,2,5,637e5a45062aa548,0
Girl Online On Tour (Girl Online #2),гд456.15,2,1,97b8f130d32e9f4e,0
New Moon (Twilight #2),гд109.71,2,4,6fa3ea52c8e31e06,0
"Saga, Volume 2 (Saga (Collected Editions) #2)",гд100.24,2,3,9189fd009df41d0e,0
"Run, Spot, Run: The Ethics of Keeping Pets",гд170.79,2,1,b0e479be03911916,0
Sugar Rush (Offensive Line #2),гд208.32,2,1,ce42e3de94226b2b,0
The Course of Love,гд143.15,2,3,f3c76b53b239f511,0
"The Sandman, Vol. 2: The Doll's House (The Sandman (volumes) #2)",гд467.58,2,1,276dc716b1da8899,0
The Selfish Gene,гд251.24,1,1,6f2c0a9adbb2bca9,0
The Silent Twin (Detective Jennifer Knight #3),гд309.25,1,3,9e9932ae1a7d0943,0
The Story of Hong Gildong,гд368.45,1,4,32d035df92ab9080,0
The Tumor,гд354.54,1,5,6514add13c82b115,0
"The Wicked + The Divine, Vol. 1: The Faust Act (The Wicked + The Divine)",гд311.55,1,2,dac9d1e654fac737,0
The Silent Wife,гд105.27,1,5,b78deb463531d078,0
The Zombie Room,гд167.97,1,5,9c96cd1329fbd82d,0
Three Wishes (River of Time: California #1),гд376.90,1,2,460f97a346b44bac,0
Travels with Charley: In Search of America,гд493.26,1,5,0268f149d014b389,0
The Secret Healer,гд294.83,1,3,38f776ab9118aed7,0
The Communist Manifesto,гд125.92,1,3,18b4545a5ed15581,0
The Complete Maus (Maus #1-2),гд90.77,1,3,3301af038a720587,0
The Edge of Reason (Bridget Jones #2),гд163.62,1,4,29fc016c459aeb14,0
This One Moment (Pushing Limits #1),гд415.54,1,1,d6d98d3508c30f57,0
The Girl In The Ice (DCI Erika Foster #1),гд135.21,1,3,ee61197edb882599,0
The Girl You Lost,гд104.84,1,5,4280ac3eab57aa5d,0
The Haters,гд237.93,1,5,fff8a057a40c4a60,0
The Hook Up (Game On #1),гд309.59,1,5,6e473eff459e809f,0
One Second (Seven #7),гд451.63,1,2,7ea31f38675b91c1,0
Origins (Alphas 0.5),гд247.31,1,1,8932e5c12f12ffed,0
"Ouran High School Host Club, Vol. 1 (Ouran High School Host Club #1)",гд254.82,1,3,326825e02a198cf6,0
"Paper Girls, Vol. 1 (Paper Girls #1-5)",гд185.21,1,4,bcbcbcf0f6ed196f,0
Paradise Lost (Paradise #1),гд212.93,1,1,849db7ab7f4a640c,0
"Rat Queens, Vol. 1: Sass & Sorcery (Rat Queens (Collected Editions) #1-5)",гд400.61,1,5,3cdca3b4a93980f5,0
"Rhythm, Chord & Malykhin",гд241.77,1,2,9efb397067eb7e8a,0
"Saga, Volume 1 (Saga (Collected Editions) #1)",гд242.96,1,1,4f64568dfefa3ce7,0
Sense and Sensibility,гд319.57,1,1,35e44170702139a4,0
"Fruits Basket, Vol. 1 (Fruits Basket #1)",гд343.62,1,5,72e6fbf4f6382557,0
Having the Barbarian's Baby (Ice Planet Barbarians #7.5),гд298.24,1,4,6717a70913b3db79,0
"Giant Days, Vol. 1 (Giant Days #1-4)",гд484.21,1,4,eb0fe24bbc845ecc,0
Icing (Aces Hockey #2),гд344.99,1,4,3455b45888fb5053,0
"Hawkeye, Vol. 1: My Life as a Weapon (Hawkeye #1)",гд385.94,1,3,6fe02600f322a0a9,0
Imperfect Harmony,гд296.36,1,4,f28f7299d38c0932,0
Jane Eyre,гд327.84,1,5,8d390a1fc3133d06,0
Kitchens of the Great Midwest,гд487.97,1,5,06f6a57a6d532844,0
"1,000 Places to See Before You Die",гд222.49,1,5,228ba5e7577e1d49,0
Listen to Me (Fusion #1),гд503.24,1,3,6e712ea24e77bd96,0
A Spy's Devotion (The Regency Spies of London #1),гд144.77,1,5,19fec36a1dfb4c16,0
1st to Die (Women's Murder Club #1),гд460.50,1,1,f684a82adc49f011,0
"Ajin: Demi-Human, Volume 1 (Ajin: Demi-Human #1)",гд486.77,1,4,bfd5e1701c862ac3,0
Alice in Wonderland (Alice's Adventures in Wonderland #1),гд473.72,1,1,cd2a2a70dd5d176d,0
Beyond Good and Evil,гд370.07,1,1,08672cd59171d5e4,0
Blood Defense (Samantha Brinkman #1),гд173.18,1,3,95cdfd514098c38b,0
"Bleach, Vol. 1: Strawberry and the Soul Reapers (Bleach #1)",гд295.60,1,5,099fae4a0705d63b,0
Bounty (Colorado Mountain #7),гд317.86,1,4,abc0b15f2c907ff0,0
Bright Lines,гд333.30,1,5,230ac636ea0ea415,0
Bridget Jones's Diary (Bridget Jones #1),гд254.39,1,1,a2b4b685dfa94733,0
Charity's Cross (Charles Towne Belles #4),гд351.81,1,1,a96404cb928895f3,0
Charlie and the Chocolate Factory (Charlie Bucket #1),гд194.93,1,3,1774749f2cee292f,0
Deep Under (Walker Security #1),гд401.72,1,5,0072b94dfa30608e,0
Choosing Our Religion: The Spiritual Lives of America's Nones,гд242.45,1,4,a812f6969ddf3e39,0
Emma,гд280.92,1,2,2e69730561ed70ad,0
"Eat, Pray, Love",гд437.81,1,3,df56868afd166557,0
Fighting Fate (Fighting #6),гд334.75,1,3,6390772a3094939d,0
Frankenstein,гд324.17,1,2,a492f49a3e2b6a71,0
Lost Among the Living,гд236.31,1,4,d510567580c8be52,0
Matilda,гд241.77,1,1,1053fb7ee17a1f33,0
Lord of the Flies,гд212.33,1,3,71a6471bbdac21d9,0
"Ms. Marvel, Vol. 1: No Normal (Ms. Marvel (2014-2015) #1)",гд336.03,1,4,35a60467893aa168,0
Meditations,гд220.87,1,2,4f19709e47883df5,0
Myriad (Prentor #1),гд501.19,1,4,63e20a0f98218a87,0
Of Mice and Men,гд401.89,1,2,39592d9d72e717c4,0
Off Sides (Off #1),гд336.54,1,5,b6f1cfadc4dd79d4,0
Old Records Never Die: One Man's Quest for His Vinyl and His Past,гд474.83,1,2,a1985630339f4b3d,0
On the Road (Duluoz Legend),гд276.06,1,3,9ff997ab15713e53,0
Settling the Score (The Summer Games #1),гд383.12,1,2,132adf7335bb384a,0
Shadow Rites (Jane Yellowrock #10),гд185.29,1,4,229cd6564bf0dce4,0
Shameless,гд497.78,1,3,c068c013d6921fea,0
Shatter Me (Shatter Me #1),гд361.71,1,1,9ed7090d8fa690b0,0
Sister Sable (The Mad Queen #1),гд113.72,1,3,3a9a7c5895e82646,0
"Skip Beat!, Vol. 01 (Skip Beat! #1)",гд359.32,1,3,2ac720f76384c57e,0
Starlark,гд220.35,1,3,e25164e5b3fe208b,0
Taking Shots (Assassins #1),гд161.06,1,2,a7eef9d6795422c1,0
The Art of Not Breathing,гд348.32,1,4,5bc1fbccfbf2355c,0
The Bette Davis Club,гд261.56,1,3,dfb0849016bc122c,0
The Bhagavad Gita,гд490.44,1,3,f3a0b8c835129558,0
The Last Girl (The Dominion Trilogy #1),гд309.33,1,2,16c71736dae78764,0
The Light of the Fireflies,гд464.34,1,1,04e43893e32f9d29,0
The Little Prince,гд387.47,1,2,1aeca7d078d57deb,0
The Mirror & the Maze (The Wrath and the Dawn #1.5),гд250.64,1,1,c40b70e0f6d80189,0
The Name of the Wind (The Kingkiller Chronicle #1),гд431.58,1,3,c8614adb1a90b027,0
The Nicomachean Ethics,гд310.01,1,1,5c10b64db3e4f228,0
The No. 1 Ladies' Detective Agency (No. 1 Ladies' Detective Agency #1),гд492.23,1,4,b0913e67d38d5ed5,0
The Odyssey,гд252.86,1,3,f0512adadffd2480,0
The Republic,гд288.17,1,3,0ec9d2b018fb10d8,0
"The Sandman, Vol. 1: Preludes and Nocturnes (The Sandman (volumes) #1)",гд461.69,1,3,5faefdc861684eb1,0
Twenty Love Poems and a Song of Despair,гд264.03,1,4,e63c3f25338baf9a,0
Ways of Seeing,гд337.06,1,5,66a4e422b212726a,0
"Vampire Knight, Vol. 1 (Vampire Knight #1)",гд131.38,1,1,e7e87087b1a44711,0
When I'm Gone,гд443.27,1,3,c5f91eb481427dc5,0
While You Were Mine,гд352.50,1,5,8ceb5c6aed2c5f8b,0
Where Lightning Strikes (Bleeding Stars #3),гд339.27,1,3,def389ddfda6991b,0
Diary of a Minecraft Zombie Book 1: A Scare of a Dare (An Unofficial Minecraft Book),гд451.11,2,4,d7b463918d3b8c39,0
The Sense of an Ending,гд267.70,2,3,4130678275eb7c8c,0
"The Suffragettes (Little Black Classics, #96)",гд101.43,2,2,d2185b65af52d68c,0
"Fruits Basket, Vol. 2 (Fruits Basket #2)",гд99.30,2,5,c0db71f6bb14db11,0
"Y: The Last Man, Vol. 1: Unmanned (Y: The Last Man #1)",гд157.91,1,4,09d26b5f819c6a36,0
8 Keys to Mental Health Through Exercise,гд264.80,3,1,f5873c8fc7760000,0
A Storm of Swords (A Song of Ice and Fire #3),гд266.33,3,2,87beabf664115d79,0
A Visit from the Goon Squad,гд120.12,3,5,5dbd6ec4e154ad2f,0
#GIRLBOSS,гд434.73,3,1,165affa7adb5eded,0
A Walk in the Woods: Rediscovering America on the Appalachian Trail,гд260.02,3,4,bcee4f289ff6699c,0
Annie on My Mind,гд314.19,3,5,7bf87402413c27ff,0
And Then There Were None,гд298.67,3,2,cfe350b20d23b02b,0
Dracula,гд448.90,3,3,a7ec599c1a547746,0
Eclipse (Twilight #3),гд159.87,3,1,73f71f9556442117,0
Eragon (The Inheritance Cycle #1),гд374.25,3,3,b843f52a986a2914,0
Extreme Prey (Lucas Davenport #26),гд216.68,3,3,588ba85ff11a3263,0
Fellside,гд329.46,3,1,147019cae600694e,0
Dune (Dune #1),гд468.01,3,1,36d5884d44484277,0
Fifty Shades Freed (Fifty Shades #3),гд131.03,3,5,ed813a848580ba50,0
Fire Bound (Sea Haven/Sisters of the Heart #5),гд181.54,3,4,2ed3a794a70aa85f,0
"Friday Night Lights: A Town, a Team, and a Dream",гд436.95,3,3,a9aa3ed5b316470b,0
"Fruits Basket, Vol. 3 (Fruits Basket #3)",гд385.34,3,2,d5f5a122a593b580,0
Girl in the Blue Coat,гд399.50,3,2,41fc5dce044f16f5,0
"House of Lost Worlds: Dinosaurs, Dynasties, and the Story of Life on Earth",гд372.80,3,2,1812b8f5641287e3,0
Hungry Girl Clean & Hungry: Easy All-Natural Recipes for Healthy Eating in the Real World,гд282.71,3,3,6c4d17a46cac8787,0
I've Got Your Number,гд167.97,3,1,6b32b561dab8036c,0
I Am Malala: The Girl Who Stood Up for Education and Was Shot by the Taliban,гд246.37,3,2,8010c7c148057fd3,0
If I Run (If I Run #1),гд426.29,3,4,61569d12d4ae7161,0
Inferno (Robert Langdon #4),гд349.77,3,5,6c4646d90b60a56c,0
"In the Garden of Beasts: Love, Terror, and an American Family in Hitler's Berlin",гд246.12,3,3,d8292cd5f1aca291,0
Into the Wild,гд483.70,3,5,a7c3f1010d64799a,0
It's Never Too Late to Begin Again: Discovering Creativity and Meaning at Midlife and Beyond,гд361.54,3,1,d4a29356fc992879,0
Jurassic Park (Jurassic Park #1),гд383.63,3,1,a0dd11f6abc421ec,0
Morning Star (Red Rising #3),гд250.81,3,1,7ce5a92baabb6bc0,0
Naked,гд270.34,3,3,54aeeb4610d3ae08,0
Is Everyone Hanging Out Without Me? (And Other Concerns),гд171.56,3,3,034829ffdd0a0aea,0
Neither Here nor There: Travels in Europe,гд332.28,3,3,747cf7fca2ccdbd4,0
Notes from a Small Island (Notes From a Small Island #1),гд342.69,3,1,cb65e49993db9a93,0
"Saga, Volume 3 (Saga (Collected Editions) #3)",гд184.01,3,5,7b870bf85d01c2dc,0
Night (The Night Trilogy #1),гд115.25,3,1,c4d9fce9eff3b8ba,0
Sarah's Key,гд394.90,3,1,5b2cd5b31a510848,0
Seven Brief Lessons on Physics,гд261.05,3,4,281a244ce1954711,0
Seven Days in the Art World,гд446.42,3,2,07806456878931bc,0
The Complete Stories and Poems (The Works of Edgar Allan Poe [Cameo Edition]),гд228.46,3,4,cad70d6ffd53912f,0
Scarlet (The Lunar Chronicles #2),гд124.30,3,4,510832818edb6fbc,0
The Cuckoo's Calling (Cormoran Strike #1),гд163.88,3,1,1be6d3b121865edb,0
The Guns of August,гд124.04,3,2,b5da59dd177eb36b,0
The Hitchhiker's Guide to the Galaxy (Hitchhiker's Guide to the Galaxy #1),гд407.78,3,3,a8b0ea6490bc818f,0
The Da Vinci Code (Robert Langdon #2),гд195.87,3,2,dabf11918b48b40c,0
The Infinities,гд233.83,3,1,554e9e2d532b3a87,0
"The Land of 10,000 Madonnas",гд252.86,3,4,35e69a79d2b1e804,0
The Last Painting of Sara de Vos,гд473.89,3,2,476c7972e9b41891,0
The Husband's Secret,гд447.96,3,5,ff6bb30dd0c482a6,0
The Lean Startup: How Today's Entrepreneurs Use Continuous Innovation to Create Radically Successful Businesses,гд289.37,3,3,70c7c3ca7f9b2728,0
The Rest Is Noise: Listening to the Twentieth Century,гд296.62,3,1,e2d47e82c50d41d9,0
The Restaurant at the End of the Universe (Hitchhiker's Guide to the Galaxy #2),гд93.16,3,1,0e92ccf1bd39e68f,0
The Rise of Theodore Roosevelt (Theodore Roosevelt #1),гд363.16,3,3,1a5044d233936b1a,0
The Red Tent,гд304.21,3,5,3c456328b04a8ee8,0
The Rose & the Dagger (The Wrath and the Dawn #2),гд500.25,3,4,322a9e34d87f54b1,0
"The Sandman, Vol. 3: Dream Country (The Sandman (volumes) #3)",гд473.89,3,5,91eb9605998a7c03,0
The Road to Little Dribbling: Adventures of an American in Britain (Notes From a Small Island #2),гд198.00,3,1,366a236aa1ea6f07,0
"Trespassing Across America: One Man's Epic, Never-Done-Before (and Sort of Illegal) Hike Across the Heartland",гд456.49,3,1,2173a2ce35f6ace1,0
Twenties Girl,гд365.12,3,2,8ebad30219b8679c,0
The Silkworm (Cormoran Strike #2),гд196.64,3,5,f06039c29b5891fa,0
Twilight (Twilight #1),гд357.70,3,2,b53078de0147f6bf,0
Two Boys Kissing,гд279.30,3,2,61bc8167c9680283,0
Under the Banner of Heaven: A Story of Violent Faith,гд255.93,3,1,599a4f98bb193368,0
"Unstuffed: Decluttering Your Home, Mind, and Soul",гд495.56,3,1,b830685072fa871f,0
Vegan Vegetarian Omnivore: Dinner for Everyone at the Table,гд116.53,3,2,4672d10b9b1e7a05,0
Very Good Lives: The Fringe Benefits of Failure and the Importance of Imagination,гд432.18,3,3,52aa3d79b1cee455,0
Voyager (Outlander #3),гд179.75,3,5,7feac4000cbc5859,0
Walk the Edge (Thunder Road #2),гд276.06,3,3,0e4e2d31c2fb3aad,0
A Walk to Remember,гд481.40,4,1,aead11697d14ea36,0
Animal Farm,гд488.14,4,3,1451b55e5e56bb89,0
Atlas Shrugged,гд226.75,4,5,78a4ac98191ac675,0
Can You Keep a Secret?,гд187.17,4,1,0812f54c93d726ce,0
Candide,гд500.17,4,3,2798974abc8a58a8,0
Changing the Game (Play by Play #2),гд114.14,4,3,aaebac5fda798b1b,0
Confessions of a Shopaholic (Shopaholic #1),гд417.50,4,2,a2dc754afb69bb32,0
Dark Lover (Black Dagger Brotherhood #1),гд109.79,4,1,2b69d289279aabfd,0
"Life, the Universe and Everything (Hitchhiker's Guide to the Galaxy #3)",гд283.74,3,2,4b3f4f151c99f472,0
Running with Scissors,гд110.13,3,4,28921443f052bea6,0
Lady Renegades (Rebel Belle #3),гд452.48,3,5,16e843e6b853cc2f,0
Harry Potter and the Order of the Phoenix (Harry Potter #5),гд269.83,4,4,5a6b7155f2797537,0
Gone with the Wind,гд277.17,4,3,23310ce84d3c9f85,0
God Is Not Great: How Religion Poisons Everything,гд237.16,4,1,ddbc5530d2939d49,0
Throne of Glass (Throne of Glass #1),гд299.18,15,3,590a9cccf7db9f7d,0
The End of the Jesus Era (An Investigation #1),гд122.84,1,1,09659d1639a1f978,0
Something More Than This,гд138.54,15,4,ca71e72655bece85,0
Harry Potter and the Chamber of Secrets (Harry Potter #2),гд125.75,4,1,c7c4f55b7321cba7,0
Forever Rockers (The Rocker #12),гд245.69,1,3,e564c3f1a93ccf2e,0
My Perfect Mistake (Over the Top #1),гд332.02,1,2,fd78f89878479f56,0
The Pilgrim's Progress,гд428.76,4,2,6053ddf69c967d5f,0
Vampire Girl (Vampire Girl #1),гд459.13,1,2,dab5e75d1339706a,0
A Heartbreaking Work of Staggering Genius,гд463.14,3,5,c9770bb1d5a492a0,0
A New Earth: Awakening to Your Life's Purpose,гд474.74,4,5,f6ae39568db1130e,0
The Iliad,гд137.86,1,1,86d8bd7afa5b51b3,0
